index,Name,Smiles,Details,Reference,Year,log10_H2O,diamine_name,diamine_smiles,acyl_chloride_name,acyl_chloride_smiles,,confidence,verification_source
2,BW30-50ppmNaOCl-pH7,*Nc1cccc(NC(=O)c2cc(C(=O)O)cc(C(=O)N*)c2)c1,"[""Polyamide""]",10.1016/j.memsci.2020.118400,2020,3.7,m-Phenylenediamine,*Nc1cccc(N*)c1,Trimesoyl chloride,*C(=O)c1cc(C(=O)*)cc(C(=O)*)c1,,HIGH,Verbeke - chlorination of PA membranes
3,HFAPA-on-REFPA,*Nc1cccc(NC(=O)c2cc(C(=O)O)cc(C(=O)N*)c2)c1,"[""Polyamide""]",10.1016/j.memsci.2013.02.044,2013,2.69,m-Phenylenediamine,*Nc1cccc(N*)c1,Trimesoyl chloride,*C(=O)c1cc(C(=O)*)cc(C(=O)*)c1,,HIGH,Hye La - MPD/TMC interfacial polymerization
4,REFPA,*Nc1cccc(NC(=O)c2cc(C(=O)O)cc(C(=O)N*)c2)c1,"[""Polyamide""]",10.1016/j.memsci.2013.02.044,2013,2.93,m-Phenylenediamine,*Nc1cccc(N*)c1,Trimesoyl chloride,*C(=O)c1cc(C(=O)*)cc(C(=O)*)c1,,HIGH,Hye La - MPD/TMC interfacial polymerization
5,DCWTT-Unmodified,*Nc1cccc(NC(=O)c2cc(C(=O)O)cc(C(=O)N*)c2)c1,"[""Polyamide""]",10.1016/j.seppur.2008.12.021,2009,2.99,m-Phenylenediamine,*Nc1cccc(N*)c1,Trimesoyl chloride,*C(=O)c1cc(C(=O)*)cc(C(=O)*)c1,,HIGH,Zhou - surface modification of PA-TFC
6,DCWTT-modified,*Nc1cccc(NC(=O)c2cc(C(=O)O)cc(C(=O)N*)c2)c1,"[""Polyamide""]",10.1016/j.seppur.2008.12.021,2009,1.89,m-Phenylenediamine,*Nc1cccc(N*)c1,Trimesoyl chloride,*C(=O)c1cc(C(=O)*)cc(C(=O)*)c1,,HIGH,Zhou - surface modification of PA-TFC
8,1.2mol%MPD-HFAMDA,*Nc1cccc(NC(=O)c2cc(C(=O)O)cc(C(=O)N*)c2)c1,"[""Polyamide"",""Other""]",10.1016/j.memsci.2014.05.005,2014,1.76,m-Phenylenediamine,*Nc1cccc(N*)c1,Trimesoyl chloride,*C(=O)c1cc(C(=O)*)cc(C(=O)*)c1,,HIGH,La - bilayer membranes
9,Virgin before fouling,*Nc1cccc(NC(=O)c2cc(C(=O)O)cc(C(=O)N*)c2)c1,"[""Polyamide""]",10.1016/j.memsci.2013.02.010,2013,10.33,m-Phenylenediamine,*Nc1cccc(N*)c1,Trimesoyl chloride,*C(=O)c1cc(C(=O)*)cc(C(=O)*)c1,,HIGH,Xu - anti-biofouling PA membrane
10,IU-modified before fouling,*Nc1cccc(NC(=O)c2cc(C(=O)O)cc(C(=O)N*)c2)c1,"[""Polyamide""]",10.1016/j.memsci.2013.02.010,2013,5.54,m-Phenylenediamine,*Nc1cccc(N*)c1,Trimesoyl chloride,*C(=O)c1cc(C(=O)*)cc(C(=O)*)c1,,HIGH,Xu - anti-biofouling PA membrane
11,TiO2 Hybrid LP,*Nc1cccc(NC(=O)c2cc(C(=O)O)cc(C(=O)N*)c2)c1,"[""Polyamide"",""Other""]",10.1016/S0376-7388(02)00418-0,2003,11.88,m-Phenylenediamine,*Nc1cccc(N*)c1,Trimesoyl chloride,*C(=O)c1cc(C(=O)*)cc(C(=O)*)c1,,HIGH,Kim - TiO2 hybrid PA membrane
13,Example 6,*Nc1cccc(NC(=O)c2cc(C(=O)O)cc(C(=O)N*)c2)c1,"[""Polyamide""]",U.S. Patent No. 4761234,1988,3.28,m-Phenylenediamine,*Nc1cccc(N*)c1,Trimesoyl chloride,*C(=O)c1cc(C(=O)*)cc(C(=O)*)c1,,HIGH,Toray/Uemura patent - aromatic polyamide TFC
14,TFC PSf,*Nc1cccc(NC(=O)c2cc(C(=O)O)cc(C(=O)N*)c2)c1,"[""Polyamide""]",10.1016/j.ces.2012.05.033,2012,0.51,m-Phenylenediamine,*Nc1cccc(N*)c1,Trimesoyl chloride,*C(=O)c1cc(C(=O)*)cc(C(=O)*)c1,,HIGH,Han - PDA modified TFC
15,TFC PDA@PSf-1h,*Nc1cccc(NC(=O)c2cc(C(=O)O)cc(C(=O)N*)c2)c1,"[""Polyamide""]",10.1016/j.ces.2012.05.033,2012,0.6,m-Phenylenediamine,*Nc1cccc(N*)c1,Trimesoyl chloride,*C(=O)c1cc(C(=O)*)cc(C(=O)*)c1,,HIGH,Han - PDA modified TFC
16,TFC PDA@PSf-3h,*Nc1cccc(NC(=O)c2cc(C(=O)O)cc(C(=O)N*)c2)c1,"[""Polyamide""]",10.1016/j.ces.2012.05.033,2012,0.55,m-Phenylenediamine,*Nc1cccc(N*)c1,Trimesoyl chloride,*C(=O)c1cc(C(=O)*)cc(C(=O)*)c1,,HIGH,Han - PDA modified TFC
17,TFC PDA@PSf-5h,*Nc1cccc(NC(=O)c2cc(C(=O)O)cc(C(=O)N*)c2)c1,"[""Polyamide""]",10.1016/j.ces.2012.05.033,2012,0.49,m-Phenylenediamine,*Nc1cccc(N*)c1,Trimesoyl chloride,*C(=O)c1cc(C(=O)*)cc(C(=O)*)c1,,HIGH,Han - PDA modified TFC
18,No modification,*Nc1cccc(NC(=O)c2cc(C(=O)O)cc(C(=O)N*)c2)c1,"[""Polyamide""]",10.1016/j.seppur.2010.01.019,2010,2.6,m-Phenylenediamine,*Nc1cccc(N*)c1,Trimesoyl chloride,*C(=O)c1cc(C(=O)*)cc(C(=O)*)c1,,HIGH,Zou - novel IP approach
19,TFC membrane by 2nd IP reaction for 60 s,*Nc1cccc(NC(=O)c2cc(C(=O)O)cc(C(=O)N*)c2)c1,"[""Polyamide""]",10.1016/j.seppur.2010.01.019,2010,2.42,m-Phenylenediamine,*Nc1cccc(N*)c1,Trimesoyl chloride,*C(=O)c1cc(C(=O)*)cc(C(=O)*)c1,,HIGH,Zou - novel IP approach
20,TFC membrane by adding 1% DMSO in aqueous phase,*Nc1cccc(NC(=O)c2cc(C(=O)O)cc(C(=O)N*)c2)c1,"[""Polyamide""]",10.1016/j.seppur.2010.01.019,2010,4,m-Phenylenediamine,*Nc1cccc(N*)c1,Trimesoyl chloride,*C(=O)c1cc(C(=O)*)cc(C(=O)*)c1,,HIGH,Zou - novel IP approach
21,Example 12,*Nc1cccc(NC(=O)c2cc(C(=O)O)cc(C(=O)N*)c2)c1,"[""Polyamide""]",U.S. Patent No. 4039440,1977,1.44,m-Phenylenediamine,*Nc1cccc(N*)c1,Trimesoyl chloride,*C(=O)c1cc(C(=O)*)cc(C(=O)*)c1,,HIGH,Cadotte patent - original MPD-TMC TFC
22,PEC-1000,*Nc1cccc(NC(=O)c2cc(C(=O)O)cc(C(=O)N*)c2)c1,"[""Polyamide""]",10.1016/S0011-9164(00)86002-6,1980,0.437,m-Phenylenediamine,*Nc1cccc(N*)c1,Trimesoyl chloride,*C(=O)c1cc(C(=O)*)cc(C(=O)*)c1,,HIGH,Kurihara - PEC-1000 spiral wound
23,TFC-116,*Nc1cccc(NC(=O)c2cc(C(=O)O)cc(C(=O)N*)c2)c1,"[""Polyamide""]",10.1016/j.desal.2011.09.003,2011,5.055,m-Phenylenediamine,*Nc1cccc(N*)c1,Trimesoyl chloride,*C(=O)c1cc(C(=O)*)cc(C(=O)*)c1,,HIGH,Rangarajan - CSMCRI TFC development
24,A1,*Nc1cccc(NC(=O)c2cc(C(=O)O)cc(C(=O)N*)c2)c1,"[""Polyamide""]",10.1016/j.desal.2011.08.034,2012,1.39,m-Phenylenediamine,*Nc1cccc(N*)c1,Trimesoyl chloride,*C(=O)c1cc(C(=O)*)cc(C(=O)*)c1,,HIGH,Fathizadeh - explicitly states TMC and MPD purchased from Merck
25,A2,*Nc1cccc(NC(=O)c2cc(C(=O)O)cc(C(=O)N*)c2)c1,"[""Polyamide""]",10.1016/j.desal.2011.08.034,2012,0.28,m-Phenylenediamine,*Nc1cccc(N*)c1,Trimesoyl chloride,*C(=O)c1cc(C(=O)*)cc(C(=O)*)c1,,HIGH,Fathizadeh - explicitly states TMC and MPD purchased from Merck
26,A3,*Nc1cccc(NC(=O)c2cc(C(=O)O)cc(C(=O)N*)c2)c1,"[""Polyamide""]",10.1016/j.desal.2011.08.034,2012,0.19,m-Phenylenediamine,*Nc1cccc(N*)c1,Trimesoyl chloride,*C(=O)c1cc(C(=O)*)cc(C(=O)*)c1,,HIGH,Fathizadeh - explicitly states TMC and MPD purchased from Merck
27,B1,*Nc1cccc(NC(=O)c2cc(C(=O)O)cc(C(=O)N*)c2)c1,"[""Polyamide""]",10.1016/j.desal.2011.08.034,2012,1.17,m-Phenylenediamine,*Nc1cccc(N*)c1,Trimesoyl chloride,*C(=O)c1cc(C(=O)*)cc(C(=O)*)c1,,HIGH,Fathizadeh - explicitly states TMC and MPD purchased from Merck
28,B2,*Nc1cccc(NC(=O)c2cc(C(=O)O)cc(C(=O)N*)c2)c1,"[""Polyamide""]",10.1016/j.desal.2011.08.034,2012,0.91,m-Phenylenediamine,*Nc1cccc(N*)c1,Trimesoyl chloride,*C(=O)c1cc(C(=O)*)cc(C(=O)*)c1,,HIGH,Fathizadeh - explicitly states TMC and MPD purchased from Merck
29,B3,*Nc1cccc(NC(=O)c2cc(C(=O)O)cc(C(=O)N*)c2)c1,"[""Polyamide""]",10.1016/j.desal.2011.08.034,2012,0.76,m-Phenylenediamine,*Nc1cccc(N*)c1,Trimesoyl chloride,*C(=O)c1cc(C(=O)*)cc(C(=O)*)c1,,HIGH,Fathizadeh - explicitly states TMC and MPD purchased from Merck
30,C1,*Nc1cccc(NC(=O)c2cc(C(=O)O)cc(C(=O)N*)c2)c1,"[""Polyamide""]",10.1016/j.desal.2011.08.034,2012,0.63,m-Phenylenediamine,*Nc1cccc(N*)c1,Trimesoyl chloride,*C(=O)c1cc(C(=O)*)cc(C(=O)*)c1,,HIGH,Fathizadeh - explicitly states TMC and MPD purchased from Merck
31,C2,*Nc1cccc(NC(=O)c2cc(C(=O)O)cc(C(=O)N*)c2)c1,"[""Polyamide""]",10.1016/j.desal.2011.08.034,2012,0.61,m-Phenylenediamine,*Nc1cccc(N*)c1,Trimesoyl chloride,*C(=O)c1cc(C(=O)*)cc(C(=O)*)c1,,HIGH,Fathizadeh - explicitly states TMC and MPD purchased from Merck
32,C3,*Nc1cccc(NC(=O)c2cc(C(=O)O)cc(C(=O)N*)c2)c1,"[""Polyamide""]",10.1016/j.desal.2011.08.034,2012,0.73,m-Phenylenediamine,*Nc1cccc(N*)c1,Trimesoyl chloride,*C(=O)c1cc(C(=O)*)cc(C(=O)*)c1,,HIGH,Fathizadeh - explicitly states TMC and MPD purchased from Merck
33,D1,*Nc1cccc(NC(=O)c2cc(C(=O)O)cc(C(=O)N*)c2)c1,"[""Polyamide""]",10.1016/j.desal.2011.08.034,2012,0.81,m-Phenylenediamine,*Nc1cccc(N*)c1,Trimesoyl chloride,*C(=O)c1cc(C(=O)*)cc(C(=O)*)c1,,HIGH,Fathizadeh - explicitly states TMC and MPD purchased from Merck
34,D2,*Nc1cccc(NC(=O)c2cc(C(=O)O)cc(C(=O)N*)c2)c1,"[""Polyamide""]",10.1016/j.desal.2011.08.034,2012,0.81,m-Phenylenediamine,*Nc1cccc(N*)c1,Trimesoyl chloride,*C(=O)c1cc(C(=O)*)cc(C(=O)*)c1,,HIGH,Fathizadeh - explicitly states TMC and MPD purchased from Merck
35,D3,*Nc1cccc(NC(=O)c2cc(C(=O)O)cc(C(=O)N*)c2)c1,"[""Polyamide""]",10.1016/j.desal.2011.08.034,2012,0.73,m-Phenylenediamine,*Nc1cccc(N*)c1,Trimesoyl chloride,*C(=O)c1cc(C(=O)*)cc(C(=O)*)c1,,HIGH,Fathizadeh - explicitly states TMC and MPD purchased from Merck
36,MPD-I/T Homogeneous,*Nc1cccc(NC(=O)c2cc(C(=O)O)cc(C(=O)N*)c2)c1,"[""Polyamide""]",10.1021/bk-1985-0269.ch004,1985,0.0016,m-Phenylenediamine,*Nc1cccc(N*)c1,Trimesoyl chloride,*C(=O)c1cc(C(=O)*)cc(C(=O)*)c1,,MEDIUM,Chemistry-based default
37,MPD-I/T Asymmetric,*Nc1cccc(NC(=O)c2cc(C(=O)O)cc(C(=O)N*)c2)c1,"[""Polyamide""]",10.1021/bk-1985-0269.ch004,1985,0.29,m-Phenylenediamine,*Nc1cccc(N*)c1,Trimesoyl chloride,*C(=O)c1cc(C(=O)*)cc(C(=O)*)c1,,MEDIUM,Chemistry-based default
40,Example 1,*Nc1cccc(NC(=O)c2cc(C(=O)O)cc(C(=O)N*)c2)c1,"[""Polyamide""]",U.S. Patent No.4529646,1985,5.37,m-Phenylenediamine,*Nc1cccc(N*)c1,Trimesoyl chloride,*C(=O)c1cc(C(=O)*)cc(C(=O)*)c1,,HIGH,Polyamide TFC patent
41,Example 2,*Nc1cccc(NC(=O)c2cc(C(=O)O)cc(C(=O)N*)c2)c1,"[""Polyamide""]",U.S. Patent No.4529646,1985,4.4,m-Phenylenediamine,*Nc1cccc(N*)c1,Trimesoyl chloride,*C(=O)c1cc(C(=O)*)cc(C(=O)*)c1,,HIGH,Polyamide TFC patent
42,Example 3,*Nc1cccc(NC(=O)c2cc(C(=O)O)cc(C(=O)N*)c2)c1,"[""Polyamide""]",U.S. Patent No.4529646,1985,4.65,m-Phenylenediamine,*Nc1cccc(N*)c1,Trimesoyl chloride,*C(=O)c1cc(C(=O)*)cc(C(=O)*)c1,,HIGH,Polyamide TFC patent
43,Example 4,*Nc1cccc(NC(=O)c2cc(C(=O)O)cc(C(=O)N*)c2)c1,"[""Polyamide""]",U.S. Patent No.4529646,1985,1.38,m-Phenylenediamine,*Nc1cccc(N*)c1,Trimesoyl chloride,*C(=O)c1cc(C(=O)*)cc(C(=O)*)c1,,HIGH,Polyamide TFC patent
44,Example 5,*Nc1cccc(NC(=O)c2cc(C(=O)O)cc(C(=O)N*)c2)c1,"[""Polyamide""]",U.S. Patent No.4529646,1985,1.08,m-Phenylenediamine,*Nc1cccc(N*)c1,Trimesoyl chloride,*C(=O)c1cc(C(=O)*)cc(C(=O)*)c1,,HIGH,Polyamide TFC patent
45,Example 6,*Nc1cccc(NC(=O)c2cc(C(=O)O)cc(C(=O)N*)c2)c1,"[""Polyamide""]",U.S. Patent No.4529646,1985,1.78,m-Phenylenediamine,*Nc1cccc(N*)c1,Trimesoyl chloride,*C(=O)c1cc(C(=O)*)cc(C(=O)*)c1,,HIGH,Polyamide TFC patent
46,Example 7,*Nc1cccc(NC(=O)c2cc(C(=O)O)cc(C(=O)N*)c2)c1,"[""Polyamide""]",U.S. Patent No.4529646,1985,1.26,m-Phenylenediamine,*Nc1cccc(N*)c1,Trimesoyl chloride,*C(=O)c1cc(C(=O)*)cc(C(=O)*)c1,,HIGH,Polyamide TFC patent
47,Example 8,*Nc1cccc(NC(=O)c2cc(C(=O)O)cc(C(=O)N*)c2)c1,"[""Polyamide""]",U.S. Patent No.4529646,1985,1.27,m-Phenylenediamine,*Nc1cccc(N*)c1,Trimesoyl chloride,*C(=O)c1cc(C(=O)*)cc(C(=O)*)c1,,HIGH,Polyamide TFC patent
48,Example 9,*Nc1cccc(NC(=O)c2cc(C(=O)O)cc(C(=O)N*)c2)c1,"[""Polyamide""]",U.S. Patent No.4529646,1985,1.26,m-Phenylenediamine,*Nc1cccc(N*)c1,Trimesoyl chloride,*C(=O)c1cc(C(=O)*)cc(C(=O)*)c1,,HIGH,Polyamide TFC patent
49,Example 10,*Nc1cccc(NC(=O)c2cc(C(=O)O)cc(C(=O)N*)c2)c1,"[""Polyamide""]",U.S. Patent No.4529646,1985,2.4,m-Phenylenediamine,*Nc1cccc(N*)c1,Trimesoyl chloride,*C(=O)c1cc(C(=O)*)cc(C(=O)*)c1,,HIGH,Polyamide TFC patent
50,Example 11,*Nc1cccc(NC(=O)c2cc(C(=O)O)cc(C(=O)N*)c2)c1,"[""Polyamide""]",U.S. Patent No.4529646,1985,2.14,m-Phenylenediamine,*Nc1cccc(N*)c1,Trimesoyl chloride,*C(=O)c1cc(C(=O)*)cc(C(=O)*)c1,,HIGH,Polyamide TFC patent
51,Example 12,*Nc1cccc(NC(=O)c2cc(C(=O)O)cc(C(=O)N*)c2)c1,"[""Polyamide""]",U.S. Patent No.4529646,1985,4.9,m-Phenylenediamine,*Nc1cccc(N*)c1,Trimesoyl chloride,*C(=O)c1cc(C(=O)*)cc(C(=O)*)c1,,HIGH,Polyamide TFC patent
52,Example 13,*Nc1cccc(NC(=O)c2cc(C(=O)O)cc(C(=O)N*)c2)c1,"[""Polyamide""]",U.S. Patent No.4529646,1985,1.84,m-Phenylenediamine,*Nc1cccc(N*)c1,Trimesoyl chloride,*C(=O)c1cc(C(=O)*)cc(C(=O)*)c1,,HIGH,Polyamide TFC patent
53,Example 14,*Nc1cccc(NC(=O)c2cc(C(=O)O)cc(C(=O)N*)c2)c1,"[""Polyamide""]",U.S. Patent No.4529646,1985,5.57,m-Phenylenediamine,*Nc1cccc(N*)c1,Trimesoyl chloride,*C(=O)c1cc(C(=O)*)cc(C(=O)*)c1,,HIGH,Polyamide TFC patent
54,Example 15,*Nc1cccc(NC(=O)c2cc(C(=O)O)cc(C(=O)N*)c2)c1,"[""Polyamide""]",U.S. Patent No.4529646,1985,1.4,m-Phenylenediamine,*Nc1cccc(N*)c1,Trimesoyl chloride,*C(=O)c1cc(C(=O)*)cc(C(=O)*)c1,,HIGH,Polyamide TFC patent
55,Example 16,*Nc1cccc(NC(=O)c2cc(C(=O)O)cc(C(=O)N*)c2)c1,"[""Polyamide""]",U.S. Patent No.4529646,1985,1.65,m-Phenylenediamine,*Nc1cccc(N*)c1,Trimesoyl chloride,*C(=O)c1cc(C(=O)*)cc(C(=O)*)c1,,HIGH,Polyamide TFC patent
56,Example 17,*Nc1cccc(NC(=O)c2cc(C(=O)O)cc(C(=O)N*)c2)c1,"[""Polyamide""]",U.S. Patent No.4529646,1985,2.23,m-Phenylenediamine,*Nc1cccc(N*)c1,Trimesoyl chloride,*C(=O)c1cc(C(=O)*)cc(C(=O)*)c1,,HIGH,Polyamide TFC patent
57,Example 18,*Nc1cccc(NC(=O)c2cc(C(=O)O)cc(C(=O)N*)c2)c1,"[""Polyamide""]",U.S. Patent No.4529646,1985,1.83,m-Phenylenediamine,*Nc1cccc(N*)c1,Trimesoyl chloride,*C(=O)c1cc(C(=O)*)cc(C(=O)*)c1,,HIGH,Polyamide TFC patent
58,Example 19,*Nc1cccc(NC(=O)c2cc(C(=O)O)cc(C(=O)N*)c2)c1,"[""Polyamide""]",U.S. Patent No.4529646,1985,1.82,m-Phenylenediamine,*Nc1cccc(N*)c1,Trimesoyl chloride,*C(=O)c1cc(C(=O)*)cc(C(=O)*)c1,,HIGH,Polyamide TFC patent
59,Example 20,*Nc1cccc(NC(=O)c2cc(C(=O)O)cc(C(=O)N*)c2)c1,"[""Polyamide""]",U.S. Patent No.4529646,1985,1.7,m-Phenylenediamine,*Nc1cccc(N*)c1,Trimesoyl chloride,*C(=O)c1cc(C(=O)*)cc(C(=O)*)c1,,HIGH,Polyamide TFC patent
60,Example 21,*Nc1cccc(NC(=O)c2cc(C(=O)O)cc(C(=O)N*)c2)c1,"[""Polyamide""]",U.S. Patent No.4529646,1985,2.19,m-Phenylenediamine,*Nc1cccc(N*)c1,Trimesoyl chloride,*C(=O)c1cc(C(=O)*)cc(C(=O)*)c1,,HIGH,Polyamide TFC patent
61,Example 22,*Nc1cccc(NC(=O)c2cc(C(=O)O)cc(C(=O)N*)c2)c1,"[""Polyamide""]",U.S. Patent No.4529646,1985,2.44,m-Phenylenediamine,*Nc1cccc(N*)c1,Trimesoyl chloride,*C(=O)c1cc(C(=O)*)cc(C(=O)*)c1,,HIGH,Polyamide TFC patent
62,Example 23,*Nc1cccc(NC(=O)c2cc(C(=O)O)cc(C(=O)N*)c2)c1,"[""Polyamide""]",U.S. Patent No.4529646,1985,2.7,m-Phenylenediamine,*Nc1cccc(N*)c1,Trimesoyl chloride,*C(=O)c1cc(C(=O)*)cc(C(=O)*)c1,,HIGH,Polyamide TFC patent
63,Example 24,*Nc1cccc(NC(=O)c2cc(C(=O)O)cc(C(=O)N*)c2)c1,"[""Polyamide""]",U.S. Patent No.4529646,1985,3.07,m-Phenylenediamine,*Nc1cccc(N*)c1,Trimesoyl chloride,*C(=O)c1cc(C(=O)*)cc(C(=O)*)c1,,HIGH,Polyamide TFC patent
64,Example 1,*Nc1cccc(NC(=O)c2cc(C(=O)O)cc(C(=O)N*)c2)c1,"[""Polyamide""]",U.S. Patent No. 4277344,1981,3.43,m-Phenylenediamine,*Nc1cccc(N*)c1,Trimesoyl chloride,*C(=O)c1cc(C(=O)*)cc(C(=O)*)c1,,HIGH,Cadotte/FilmTec patent - explicitly states phenylenediamine + trimesoyl chloride
66,control PA TFC,*Nc1cccc(NC(=O)c2cc(C(=O)O)cc(C(=O)N*)c2)c1,"[""Polyamide""]",10.1016/j.memsci.2012.02.038,2012,3.18,m-Phenylenediamine,*Nc1cccc(N*)c1,Trimesoyl chloride,*C(=O)c1cc(C(=O)*)cc(C(=O)*)c1,,HIGH,TFC membrane modification
67,PA TFC in 80 ◦C oven for 10 min,*Nc1cccc(NC(=O)c2cc(C(=O)O)cc(C(=O)N*)c2)c1,"[""Polyamide""]",10.1016/j.memsci.2012.02.038,2012,3.42,m-Phenylenediamine,*Nc1cccc(N*)c1,Trimesoyl chloride,*C(=O)c1cc(C(=O)*)cc(C(=O)*)c1,,HIGH,TFC membrane modification
68,MPD 0.5;  TMC 0.13,*Nc1cccc(NC(=O)c2cc(C(=O)O)cc(C(=O)N*)c2)c1,"[""Polyamide""]",10.1016/j.memsci.2012.02.038,2012,1.54,m-Phenylenediamine,*Nc1cccc(N*)c1,Trimesoyl chloride,*C(=O)c1cc(C(=O)*)cc(C(=O)*)c1,,HIGH,TFC membrane modification
69,MPD 0.75;  TMC 0.13,*Nc1cccc(NC(=O)c2cc(C(=O)O)cc(C(=O)N*)c2)c1,"[""Polyamide""]",10.1016/j.memsci.2012.02.038,2012,2.34,m-Phenylenediamine,*Nc1cccc(N*)c1,Trimesoyl chloride,*C(=O)c1cc(C(=O)*)cc(C(=O)*)c1,,HIGH,TFC membrane modification
70,MPD 1;  TMC 0.13,*Nc1cccc(NC(=O)c2cc(C(=O)O)cc(C(=O)N*)c2)c1,"[""Polyamide""]",10.1016/j.memsci.2012.02.038,2012,2.38,m-Phenylenediamine,*Nc1cccc(N*)c1,Trimesoyl chloride,*C(=O)c1cc(C(=O)*)cc(C(=O)*)c1,,HIGH,TFC membrane modification
71,MPD 1.5;  TMC 0.13,*Nc1cccc(NC(=O)c2cc(C(=O)O)cc(C(=O)N*)c2)c1,"[""Polyamide""]",10.1016/j.memsci.2012.02.038,2012,2.58,m-Phenylenediamine,*Nc1cccc(N*)c1,Trimesoyl chloride,*C(=O)c1cc(C(=O)*)cc(C(=O)*)c1,,HIGH,TFC membrane modification
72,MPD 2;  TMC 0.13,*Nc1cccc(NC(=O)c2cc(C(=O)O)cc(C(=O)N*)c2)c1,"[""Polyamide""]",10.1016/j.memsci.2012.02.038,2012,2.7,m-Phenylenediamine,*Nc1cccc(N*)c1,Trimesoyl chloride,*C(=O)c1cc(C(=O)*)cc(C(=O)*)c1,,HIGH,TFC membrane modification
73,MPD 2.5;  TMC 0.13,*Nc1cccc(NC(=O)c2cc(C(=O)O)cc(C(=O)N*)c2)c1,"[""Polyamide""]",10.1016/j.memsci.2012.02.038,2012,2.54,m-Phenylenediamine,*Nc1cccc(N*)c1,Trimesoyl chloride,*C(=O)c1cc(C(=O)*)cc(C(=O)*)c1,,HIGH,TFC membrane modification
74,MPD 3;  TMC 0.13,*Nc1cccc(NC(=O)c2cc(C(=O)O)cc(C(=O)N*)c2)c1,"[""Polyamide""]",10.1016/j.memsci.2012.02.038,2012,1.84,m-Phenylenediamine,*Nc1cccc(N*)c1,Trimesoyl chloride,*C(=O)c1cc(C(=O)*)cc(C(=O)*)c1,,HIGH,TFC membrane modification
75,MPD 1.5;  TMC 0.025,*Nc1cccc(NC(=O)c2cc(C(=O)O)cc(C(=O)N*)c2)c1,"[""Polyamide""]",10.1016/j.memsci.2012.02.038,2012,2.54,m-Phenylenediamine,*Nc1cccc(N*)c1,Trimesoyl chloride,*C(=O)c1cc(C(=O)*)cc(C(=O)*)c1,,HIGH,TFC membrane modification
76,MPD 1.5;  TMC 0.05,*Nc1cccc(NC(=O)c2cc(C(=O)O)cc(C(=O)N*)c2)c1,"[""Polyamide""]",10.1016/j.memsci.2012.02.038,2012,3.1,m-Phenylenediamine,*Nc1cccc(N*)c1,Trimesoyl chloride,*C(=O)c1cc(C(=O)*)cc(C(=O)*)c1,,HIGH,TFC membrane modification
77,MPD 1.5;  TMC 0.075,*Nc1cccc(NC(=O)c2cc(C(=O)O)cc(C(=O)N*)c2)c1,"[""Polyamide""]",10.1016/j.memsci.2012.02.038,2012,2.86,m-Phenylenediamine,*Nc1cccc(N*)c1,Trimesoyl chloride,*C(=O)c1cc(C(=O)*)cc(C(=O)*)c1,,HIGH,TFC membrane modification
78,MPD 1.5;  TMC 0.1,*Nc1cccc(NC(=O)c2cc(C(=O)O)cc(C(=O)N*)c2)c1,"[""Polyamide""]",10.1016/j.memsci.2012.02.038,2012,2,m-Phenylenediamine,*Nc1cccc(N*)c1,Trimesoyl chloride,*C(=O)c1cc(C(=O)*)cc(C(=O)*)c1,,HIGH,TFC membrane modification
79,MPD 1.5;  TMC 0.14,*Nc1cccc(NC(=O)c2cc(C(=O)O)cc(C(=O)N*)c2)c1,"[""Polyamide""]",10.1016/j.memsci.2012.02.038,2012,2,m-Phenylenediamine,*Nc1cccc(N*)c1,Trimesoyl chloride,*C(=O)c1cc(C(=O)*)cc(C(=O)*)c1,,HIGH,TFC membrane modification
80,S-BAPS 2 w/v%; 1,*Nc1cccc(NC(=O)c2cc(C(=O)O)cc(C(=O)N*)c2)c1,"[""Polyamide""]",10.1016/j.memsci.2012.02.038,2012,8.19,m-Phenylenediamine,*Nc1cccc(N*)c1,Trimesoyl chloride,*C(=O)c1cc(C(=O)*)cc(C(=O)*)c1,,HIGH,TFC membrane modification
81,S-BAPS 2 w/v%; 1.5,*Nc1cccc(NC(=O)c2cc(C(=O)O)cc(C(=O)N*)c2)c1,"[""Polyamide""]",10.1016/j.memsci.2012.02.038,2012,5.81,m-Phenylenediamine,*Nc1cccc(N*)c1,Trimesoyl chloride,*C(=O)c1cc(C(=O)*)cc(C(=O)*)c1,,HIGH,TFC membrane modification
82,S-BAPS 2 w/v%; 2,*Nc1cccc(NC(=O)c2cc(C(=O)O)cc(C(=O)N*)c2)c1,"[""Polyamide""]",10.1016/j.memsci.2012.02.038,2012,4.18,m-Phenylenediamine,*Nc1cccc(N*)c1,Trimesoyl chloride,*C(=O)c1cc(C(=O)*)cc(C(=O)*)c1,,HIGH,TFC membrane modification
83,CPA2-15%HF-7day,*Nc1cccc(NC(=O)c2cc(C(=O)O)cc(C(=O)N*)c2)c1,"[""Polyamide""]",10.1016/0011-9164(96)00047-1,1996,2.33,m-Phenylenediamine,*Nc1cccc(N*)c1,Trimesoyl chloride,*C(=O)c1cc(C(=O)*)cc(C(=O)*)c1,,MEDIUM,Chemistry-based default
84,SWC1-15%HF-4day,*Nc1cccc(NC(=O)c2cc(C(=O)O)cc(C(=O)N*)c2)c1,"[""Polyamide""]",10.1016/0011-9164(96)00047-1,1996,1.71,m-Phenylenediamine,*Nc1cccc(N*)c1,Trimesoyl chloride,*C(=O)c1cc(C(=O)*)cc(C(=O)*)c1,,MEDIUM,Chemistry-based default
85,SWC1-40%IPA-4day,*Nc1cccc(NC(=O)c2cc(C(=O)O)cc(C(=O)N*)c2)c1,"[""Polyamide""]",10.1016/0011-9164(96)00047-1,1996,1.57,m-Phenylenediamine,*Nc1cccc(N*)c1,Trimesoyl chloride,*C(=O)c1cc(C(=O)*)cc(C(=O)*)c1,,MEDIUM,Chemistry-based default
86,XLE G2 PAMAM-PEG-1,*Nc1cccc(NC(=O)c2cc(C(=O)O)cc(C(=O)N*)c2)c1,"[""Polyamide""]",10.1016/j.memsci.2009.12.005,2010,9.63,m-Phenylenediamine,*Nc1cccc(N*)c1,Trimesoyl chloride,*C(=O)c1cc(C(=O)*)cc(C(=O)*)c1,,MEDIUM,Chemistry-based default
87,XLE G2 PAMAM-PEG-2,*Nc1cccc(NC(=O)c2cc(C(=O)O)cc(C(=O)N*)c2)c1,"[""Polyamide""]",10.1016/j.memsci.2009.12.005,2010,9.62,m-Phenylenediamine,*Nc1cccc(N*)c1,Trimesoyl chloride,*C(=O)c1cc(C(=O)*)cc(C(=O)*)c1,,MEDIUM,Chemistry-based default
88,ESPA1,*Nc1cccc(NC(=O)c2cc(C(=O)O)cc(C(=O)N*)c2)c1,"[""Polyamide""]",10.1016/j.memsci.2006.02.041,2006,8.64,m-Phenylenediamine,*Nc1cccc(N*)c1,Trimesoyl chloride,*C(=O)c1cc(C(=O)*)cc(C(=O)*)c1,,MEDIUM,Chemistry-based default
89,ESPA1-PEBAX 1657,*Nc1cccc(NC(=O)c2cc(C(=O)O)cc(C(=O)N*)c2)c1,"[""Polyamide""]",10.1016/j.memsci.2006.02.041,2006,2.01,m-Phenylenediamine,*Nc1cccc(N*)c1,Trimesoyl chloride,*C(=O)c1cc(C(=O)*)cc(C(=O)*)c1,,MEDIUM,Chemistry-based default
90,ESPA3,*Nc1cccc(NC(=O)c2cc(C(=O)O)cc(C(=O)N*)c2)c1,"[""Polyamide""]",10.1016/j.memsci.2006.02.041,2006,7.15,m-Phenylenediamine,*Nc1cccc(N*)c1,Trimesoyl chloride,*C(=O)c1cc(C(=O)*)cc(C(=O)*)c1,,MEDIUM,Chemistry-based default
91,ESPA3-PEBAX 1657,*Nc1cccc(NC(=O)c2cc(C(=O)O)cc(C(=O)N*)c2)c1,"[""Polyamide""]",10.1016/j.memsci.2006.02.041,2006,1.23,m-Phenylenediamine,*Nc1cccc(N*)c1,Trimesoyl chloride,*C(=O)c1cc(C(=O)*)cc(C(=O)*)c1,,MEDIUM,Chemistry-based default
92,1v/v%VIM-1kGy,*Nc1cccc(NC(=O)c2cc(C(=O)O)cc(C(=O)N*)c2)c1,"[""Polyamide""]",10.1038/s41598-017-04900-5,2017,5.8,m-Phenylenediamine,*Nc1cccc(N*)c1,Trimesoyl chloride,*C(=O)c1cc(C(=O)*)cc(C(=O)*)c1,,MEDIUM,Chemistry-based default
94,M0,*Nc1cccc(NC(=O)c2cc(C(=O)O)cc(C(=O)N*)c2)c1,"[""Polyamide""]",10.1016/j.desal.2014.07.040,2014,5.26,m-Phenylenediamine,*Nc1cccc(N*)c1,Trimesoyl chloride,*C(=O)c1cc(C(=O)*)cc(C(=O)*)c1,,MEDIUM,Chemistry-based default
95,M1,*Nc1cccc(NC(=O)c2cc(C(=O)O)cc(C(=O)N*)c2)c1,"[""Polyamide""]",10.1016/j.desal.2014.07.040,2014,5.54,m-Phenylenediamine,*Nc1cccc(N*)c1,Trimesoyl chloride,*C(=O)c1cc(C(=O)*)cc(C(=O)*)c1,,MEDIUM,Chemistry-based default
96,M2,*Nc1cccc(NC(=O)c2cc(C(=O)O)cc(C(=O)N*)c2)c1,"[""Polyamide""]",10.1016/j.desal.2014.07.040,2014,6.02,m-Phenylenediamine,*Nc1cccc(N*)c1,Trimesoyl chloride,*C(=O)c1cc(C(=O)*)cc(C(=O)*)c1,,MEDIUM,Chemistry-based default
97,M4,*Nc1cccc(NC(=O)c2cc(C(=O)O)cc(C(=O)N*)c2)c1,"[""Polyamide""]",10.1016/j.desal.2014.07.040,2014,6.56,m-Phenylenediamine,*Nc1cccc(N*)c1,Trimesoyl chloride,*C(=O)c1cc(C(=O)*)cc(C(=O)*)c1,,MEDIUM,Chemistry-based default
98,M6,*Nc1cccc(NC(=O)c2cc(C(=O)O)cc(C(=O)N*)c2)c1,"[""Polyamide""]",10.1016/j.desal.2014.07.040,2014,6.28,m-Phenylenediamine,*Nc1cccc(N*)c1,Trimesoyl chloride,*C(=O)c1cc(C(=O)*)cc(C(=O)*)c1,,MEDIUM,Chemistry-based default
99,TFC,*Nc1cccc(NC(=O)c2cc(C(=O)O)cc(C(=O)N*)c2)c1,"[""Polyamide""]",10.1016/j.cej.2015.08.134,2016,1.69,m-Phenylenediamine,*Nc1cccc(N*)c1,Trimesoyl chloride,*C(=O)c1cc(C(=O)*)cc(C(=O)*)c1,,MEDIUM,Chemistry-based default
100,TFN,*Nc1cccc(NC(=O)c2cc(C(=O)O)cc(C(=O)N*)c2)c1,"[""Polyamide""]",10.1016/j.cej.2015.08.134,2016,2.15,m-Phenylenediamine,*Nc1cccc(N*)c1,Trimesoyl chloride,*C(=O)c1cc(C(=O)*)cc(C(=O)*)c1,,MEDIUM,Chemistry-based default
101,HR95PP-Fresh,*Nc1cccc(NC(=O)c2cc(C(=O)O)cc(C(=O)N*)c2)c1,"[""Polyamide""]",10.1016/0376-7388(95)00271-5,1996,1.91,m-Phenylenediamine,*Nc1cccc(N*)c1,Trimesoyl chloride,*C(=O)c1cc(C(=O)*)cc(C(=O)*)c1,,MEDIUM,Chemistry-based default
102,HR95PP-5%HCl,*Nc1cccc(NC(=O)c2cc(C(=O)O)cc(C(=O)N*)c2)c1,"[""Polyamide""]",10.1016/0376-7388(95)00271-5,1996,2.33,m-Phenylenediamine,*Nc1cccc(N*)c1,Trimesoyl chloride,*C(=O)c1cc(C(=O)*)cc(C(=O)*)c1,,MEDIUM,Chemistry-based default
103,HR95PP-5%HNO3,*Nc1cccc(NC(=O)c2cc(C(=O)O)cc(C(=O)N*)c2)c1,"[""Polyamide""]",10.1016/0376-7388(95)00271-5,1996,2.36,m-Phenylenediamine,*Nc1cccc(N*)c1,Trimesoyl chloride,*C(=O)c1cc(C(=O)*)cc(C(=O)*)c1,,MEDIUM,Chemistry-based default
104,HR95PP-5%H2SO4,*Nc1cccc(NC(=O)c2cc(C(=O)O)cc(C(=O)N*)c2)c1,"[""Polyamide""]",10.1016/0376-7388(95)00271-5,1996,2.61,m-Phenylenediamine,*Nc1cccc(N*)c1,Trimesoyl chloride,*C(=O)c1cc(C(=O)*)cc(C(=O)*)c1,,MEDIUM,Chemistry-based default
105,HR95PP-5%H3PO4,*Nc1cccc(NC(=O)c2cc(C(=O)O)cc(C(=O)N*)c2)c1,"[""Polyamide""]",10.1016/0376-7388(95)00271-5,1996,2.94,m-Phenylenediamine,*Nc1cccc(N*)c1,Trimesoyl chloride,*C(=O)c1cc(C(=O)*)cc(C(=O)*)c1,,MEDIUM,Chemistry-based default
106,HR98PP-Fresh,*Nc1cccc(NC(=O)c2cc(C(=O)O)cc(C(=O)N*)c2)c1,"[""Polyamide""]",10.1016/0376-7388(95)00271-5,1996,0.46,m-Phenylenediamine,*Nc1cccc(N*)c1,Trimesoyl chloride,*C(=O)c1cc(C(=O)*)cc(C(=O)*)c1,,MEDIUM,Chemistry-based default
107,HR98PP-5%HNO3,*Nc1cccc(NC(=O)c2cc(C(=O)O)cc(C(=O)N*)c2)c1,"[""Polyamide""]",10.1016/0376-7388(95)00271-5,1996,1,m-Phenylenediamine,*Nc1cccc(N*)c1,Trimesoyl chloride,*C(=O)c1cc(C(=O)*)cc(C(=O)*)c1,,MEDIUM,Chemistry-based default
108,HR98PP-5%H3PO4,*Nc1cccc(NC(=O)c2cc(C(=O)O)cc(C(=O)N*)c2)c1,"[""Polyamide""]",10.1016/0376-7388(95)00271-5,1996,1.68,m-Phenylenediamine,*Nc1cccc(N*)c1,Trimesoyl chloride,*C(=O)c1cc(C(=O)*)cc(C(=O)*)c1,,MEDIUM,Chemistry-based default
109,HR98PP-5%H2SO4,*Nc1cccc(NC(=O)c2cc(C(=O)O)cc(C(=O)N*)c2)c1,"[""Polyamide""]",10.1016/0376-7388(95)00271-5,1996,1.28,m-Phenylenediamine,*Nc1cccc(N*)c1,Trimesoyl chloride,*C(=O)c1cc(C(=O)*)cc(C(=O)*)c1,,MEDIUM,Chemistry-based default
110,TFC,*Nc1cccc(NC(=O)c2cc(C(=O)O)cc(C(=O)N*)c2)c1,"[""Polyamide""]",10.1016/j.desal.2017.04.019,2017,0.27,m-Phenylenediamine,*Nc1cccc(N*)c1,Trimesoyl chloride,*C(=O)c1cc(C(=O)*)cc(C(=O)*)c1,,MEDIUM,Chemistry-based default
111,TFN 0.66,*Nc1cccc(NC(=O)c2cc(C(=O)O)cc(C(=O)N*)c2)c1,"[""Polyamide""]",10.1016/j.desal.2017.04.019,2017,3.03,m-Phenylenediamine,*Nc1cccc(N*)c1,Trimesoyl chloride,*C(=O)c1cc(C(=O)*)cc(C(=O)*)c1,,MEDIUM,Chemistry-based default
112,TFN 0.33,*Nc1cccc(NC(=O)c2cc(C(=O)O)cc(C(=O)N*)c2)c1,"[""Polyamide""]",10.1016/j.desal.2017.04.019,2017,1.39,m-Phenylenediamine,*Nc1cccc(N*)c1,Trimesoyl chloride,*C(=O)c1cc(C(=O)*)cc(C(=O)*)c1,,MEDIUM,Chemistry-based default
113,TFN 1.0,*Nc1cccc(NC(=O)c2cc(C(=O)O)cc(C(=O)N*)c2)c1,"[""Polyamide""]",10.1016/j.desal.2017.04.019,2017,3.38,m-Phenylenediamine,*Nc1cccc(N*)c1,Trimesoyl chloride,*C(=O)c1cc(C(=O)*)cc(C(=O)*)c1,,MEDIUM,Chemistry-based default
114,PAI-0,*Nc1cccc(NC(=O)c2cc(C(=O)O)cc(C(=O)N*)c2)c1,"[""Polyamide""]",10.1016/j.memsci.2016.09.022,2017,1.54,m-Phenylenediamine,*Nc1cccc(N*)c1,Trimesoyl chloride,*C(=O)c1cc(C(=O)*)cc(C(=O)*)c1,,MEDIUM,Chemistry-based default
115,PAI-30,*Nc1cccc(NC(=O)c2cc(C(=O)O)cc(C(=O)N*)c2)c1,"[""Polyamide""]",10.1016/j.memsci.2016.09.022,2017,2,m-Phenylenediamine,*Nc1cccc(N*)c1,Trimesoyl chloride,*C(=O)c1cc(C(=O)*)cc(C(=O)*)c1,,MEDIUM,Chemistry-based default
116,PAI-50,*Nc1cccc(NC(=O)c2cc(C(=O)O)cc(C(=O)N*)c2)c1,"[""Polyamide""]",10.1016/j.memsci.2016.09.022,2017,2.35,m-Phenylenediamine,*Nc1cccc(N*)c1,Trimesoyl chloride,*C(=O)c1cc(C(=O)*)cc(C(=O)*)c1,,MEDIUM,Chemistry-based default
117,PAI-60,*Nc1cccc(NC(=O)c2cc(C(=O)O)cc(C(=O)N*)c2)c1,"[""Polyamide""]",10.1016/j.memsci.2016.09.022,2017,2.6,m-Phenylenediamine,*Nc1cccc(N*)c1,Trimesoyl chloride,*C(=O)c1cc(C(=O)*)cc(C(=O)*)c1,,MEDIUM,Chemistry-based default
118,PAI-70,*Nc1cccc(NC(=O)c2cc(C(=O)O)cc(C(=O)N*)c2)c1,"[""Polyamide""]",10.1016/j.memsci.2016.09.022,2017,3.06,m-Phenylenediamine,*Nc1cccc(N*)c1,Trimesoyl chloride,*C(=O)c1cc(C(=O)*)cc(C(=O)*)c1,,MEDIUM,Chemistry-based default
119,PAI-80,*Nc1cccc(NC(=O)c2cc(C(=O)O)cc(C(=O)N*)c2)c1,"[""Polyamide""]",10.1016/j.memsci.2016.09.022,2017,3.86,m-Phenylenediamine,*Nc1cccc(N*)c1,Trimesoyl chloride,*C(=O)c1cc(C(=O)*)cc(C(=O)*)c1,,MEDIUM,Chemistry-based default
120,Control,*Nc1cccc(NC(=O)c2cc(C(=O)O)cc(C(=O)N*)c2)c1,"[""Polyamide""]",10.1016/j.memsci.2007.05.025,2007,3.8,m-Phenylenediamine,*Nc1cccc(N*)c1,Trimesoyl chloride,*C(=O)c1cc(C(=O)*)cc(C(=O)*)c1,,MEDIUM,Chemistry-based default
121,Post-treatment-2,*Nc1cccc(NC(=O)c2cc(C(=O)O)cc(C(=O)N*)c2)c1,"[""Polyamide""]",10.1016/j.memsci.2007.05.025,2007,3.68,m-Phenylenediamine,*Nc1cccc(N*)c1,Trimesoyl chloride,*C(=O)c1cc(C(=O)*)cc(C(=O)*)c1,,MEDIUM,Chemistry-based default
122,Post-treatment-1,*Nc1cccc(NC(=O)c2cc(C(=O)O)cc(C(=O)N*)c2)c1,"[""Polyamide""]",10.1016/j.memsci.2007.05.025,2007,4.31,m-Phenylenediamine,*Nc1cccc(N*)c1,Trimesoyl chloride,*C(=O)c1cc(C(=O)*)cc(C(=O)*)c1,,MEDIUM,Chemistry-based default
123,Post-treatment-4,*Nc1cccc(NC(=O)c2cc(C(=O)O)cc(C(=O)N*)c2)c1,"[""Polyamide""]",10.1016/j.memsci.2007.05.025,2007,4.31,m-Phenylenediamine,*Nc1cccc(N*)c1,Trimesoyl chloride,*C(=O)c1cc(C(=O)*)cc(C(=O)*)c1,,MEDIUM,Chemistry-based default
124,Post-treatment-3,*Nc1cccc(NC(=O)c2cc(C(=O)O)cc(C(=O)N*)c2)c1,"[""Polyamide""]",10.1016/j.memsci.2007.05.025,2007,1.6,m-Phenylenediamine,*Nc1cccc(N*)c1,Trimesoyl chloride,*C(=O)c1cc(C(=O)*)cc(C(=O)*)c1,,MEDIUM,Chemistry-based default
125,Post-treatment-6,*Nc1cccc(NC(=O)c2cc(C(=O)O)cc(C(=O)N*)c2)c1,"[""Polyamide""]",10.1016/j.memsci.2007.05.025,2007,1.17,m-Phenylenediamine,*Nc1cccc(N*)c1,Trimesoyl chloride,*C(=O)c1cc(C(=O)*)cc(C(=O)*)c1,,MEDIUM,Chemistry-based default
126,Post-treatment-5,*Nc1cccc(NC(=O)c2cc(C(=O)O)cc(C(=O)N*)c2)c1,"[""Polyamide""]",10.1016/j.memsci.2007.05.025,2007,3.68,m-Phenylenediamine,*Nc1cccc(N*)c1,Trimesoyl chloride,*C(=O)c1cc(C(=O)*)cc(C(=O)*)c1,,MEDIUM,Chemistry-based default
127,CTFC,*Nc1cccc(NC(=O)c2cc(C(=O)O)cc(C(=O)N*)c2)c1,"[""Polyamide""]",10.1007/s10965-016-1167-2,2017,2.56,m-Phenylenediamine,*Nc1cccc(N*)c1,Trimesoyl chloride,*C(=O)c1cc(C(=O)*)cc(C(=O)*)c1,,MEDIUM,Chemistry-based default
128,STFC-0.01,*Nc1cccc(NC(=O)c2cc(C(=O)O)cc(C(=O)N*)c2)c1,"[""Polyamide""]",10.1007/s10965-016-1167-2,2017,2.74,m-Phenylenediamine,*Nc1cccc(N*)c1,Trimesoyl chloride,*C(=O)c1cc(C(=O)*)cc(C(=O)*)c1,,MEDIUM,Chemistry-based default
129,STFC-0.02,*Nc1cccc(NC(=O)c2cc(C(=O)O)cc(C(=O)N*)c2)c1,"[""Polyamide""]",10.1007/s10965-016-1167-2,2017,3.01,m-Phenylenediamine,*Nc1cccc(N*)c1,Trimesoyl chloride,*C(=O)c1cc(C(=O)*)cc(C(=O)*)c1,,MEDIUM,Chemistry-based default
130,STFC-0.03,*Nc1cccc(NC(=O)c2cc(C(=O)O)cc(C(=O)N*)c2)c1,"[""Polyamide""]",10.1007/s10965-016-1167-2,2017,3.48,m-Phenylenediamine,*Nc1cccc(N*)c1,Trimesoyl chloride,*C(=O)c1cc(C(=O)*)cc(C(=O)*)c1,,MEDIUM,Chemistry-based default
131,STFC-0.04,*Nc1cccc(NC(=O)c2cc(C(=O)O)cc(C(=O)N*)c2)c1,"[""Polyamide""]",10.1007/s10965-016-1167-2,2017,3.73,m-Phenylenediamine,*Nc1cccc(N*)c1,Trimesoyl chloride,*C(=O)c1cc(C(=O)*)cc(C(=O)*)c1,,MEDIUM,Chemistry-based default
132,STFC-0.05,*Nc1cccc(NC(=O)c2cc(C(=O)O)cc(C(=O)N*)c2)c1,"[""Polyamide""]",10.1007/s10965-016-1167-2,2017,3.25,m-Phenylenediamine,*Nc1cccc(N*)c1,Trimesoyl chloride,*C(=O)c1cc(C(=O)*)cc(C(=O)*)c1,,MEDIUM,Chemistry-based default
133,TFC-0,*Nc1cccc(NC(=O)c2cc(C(=O)O)cc(C(=O)N*)c2)c1,"[""Polyamide""]",10.1016/j.memsci.2016.07.034,2016,0.437,m-Phenylenediamine,*Nc1cccc(N*)c1,Trimesoyl chloride,*C(=O)c1cc(C(=O)*)cc(C(=O)*)c1,,MEDIUM,Chemistry-based default
134,TFC-0.5,*Nc1cccc(NC(=O)c2cc(C(=O)O)cc(C(=O)N*)c2)c1,"[""Polyamide""]",10.1016/j.memsci.2016.07.034,2016,0.925,m-Phenylenediamine,*Nc1cccc(N*)c1,Trimesoyl chloride,*C(=O)c1cc(C(=O)*)cc(C(=O)*)c1,,MEDIUM,Chemistry-based default
135,TFC-1.0,*Nc1cccc(NC(=O)c2cc(C(=O)O)cc(C(=O)N*)c2)c1,"[""Polyamide""]",10.1016/j.memsci.2016.07.034,2016,1.073,m-Phenylenediamine,*Nc1cccc(N*)c1,Trimesoyl chloride,*C(=O)c1cc(C(=O)*)cc(C(=O)*)c1,,MEDIUM,Chemistry-based default
136,TFC-1.5,*Nc1cccc(NC(=O)c2cc(C(=O)O)cc(C(=O)N*)c2)c1,"[""Polyamide""]",10.1016/j.memsci.2016.07.034,2016,1.439,m-Phenylenediamine,*Nc1cccc(N*)c1,Trimesoyl chloride,*C(=O)c1cc(C(=O)*)cc(C(=O)*)c1,,MEDIUM,Chemistry-based default
137,TFC-HPAN0,*Nc1cccc(NC(=O)c2cc(C(=O)O)cc(C(=O)N*)c2)c1,"[""Polyamide""]",10.1016/j.memsci.2016.07.034,2016,0.349,m-Phenylenediamine,*Nc1cccc(N*)c1,Trimesoyl chloride,*C(=O)c1cc(C(=O)*)cc(C(=O)*)c1,,MEDIUM,Chemistry-based default
138,TFC-HPAN0.5,*Nc1cccc(NC(=O)c2cc(C(=O)O)cc(C(=O)N*)c2)c1,"[""Polyamide""]",10.1016/j.memsci.2016.07.034,2016,0.829,m-Phenylenediamine,*Nc1cccc(N*)c1,Trimesoyl chloride,*C(=O)c1cc(C(=O)*)cc(C(=O)*)c1,,MEDIUM,Chemistry-based default
139,TFC-HPAN1.0,*Nc1cccc(NC(=O)c2cc(C(=O)O)cc(C(=O)N*)c2)c1,"[""Polyamide""]",10.1016/j.memsci.2016.07.034,2016,0.797,m-Phenylenediamine,*Nc1cccc(N*)c1,Trimesoyl chloride,*C(=O)c1cc(C(=O)*)cc(C(=O)*)c1,,MEDIUM,Chemistry-based default
140,TFC-HPAN1.5,*Nc1cccc(NC(=O)c2cc(C(=O)O)cc(C(=O)N*)c2)c1,"[""Polyamide""]",10.1016/j.memsci.2016.07.034,2016,0.778,m-Phenylenediamine,*Nc1cccc(N*)c1,Trimesoyl chloride,*C(=O)c1cc(C(=O)*)cc(C(=O)*)c1,,MEDIUM,Chemistry-based default
141,TFC-HPAN2.0,*Nc1cccc(NC(=O)c2cc(C(=O)O)cc(C(=O)N*)c2)c1,"[""Polyamide""]",10.1016/j.memsci.2016.07.034,2016,0.765,m-Phenylenediamine,*Nc1cccc(N*)c1,Trimesoyl chloride,*C(=O)c1cc(C(=O)*)cc(C(=O)*)c1,,MEDIUM,Chemistry-based default
142,No modification,*Nc1cccc(NC(=O)c2cc(C(=O)O)cc(C(=O)N*)c2)c1,"[""Polyamide""]",U.S. Patent No. 4983291,1991,4.08,m-Phenylenediamine,*Nc1cccc(N*)c1,Trimesoyl chloride,*C(=O)c1cc(C(=O)*)cc(C(=O)*)c1,,HIGH,Polyamide TFC patent
143,Post-treatment-1,*Nc1cccc(NC(=O)c2cc(C(=O)O)cc(C(=O)N*)c2)c1,"[""Polyamide""]",U.S. Patent No. 4983291,1991,0.55,m-Phenylenediamine,*Nc1cccc(N*)c1,Trimesoyl chloride,*C(=O)c1cc(C(=O)*)cc(C(=O)*)c1,,HIGH,Polyamide TFC patent
144,Post-treatment-2,*Nc1cccc(NC(=O)c2cc(C(=O)O)cc(C(=O)N*)c2)c1,"[""Polyamide""]",U.S. Patent No. 4983291,1991,2.77,m-Phenylenediamine,*Nc1cccc(N*)c1,Trimesoyl chloride,*C(=O)c1cc(C(=O)*)cc(C(=O)*)c1,,HIGH,Polyamide TFC patent
145,Post-treatment-3,*Nc1cccc(NC(=O)c2cc(C(=O)O)cc(C(=O)N*)c2)c1,"[""Polyamide""]",U.S. Patent No. 4983291,1991,3,m-Phenylenediamine,*Nc1cccc(N*)c1,Trimesoyl chloride,*C(=O)c1cc(C(=O)*)cc(C(=O)*)c1,,HIGH,Polyamide TFC patent
146,Post-treatment-4,*Nc1cccc(NC(=O)c2cc(C(=O)O)cc(C(=O)N*)c2)c1,"[""Polyamide""]",U.S. Patent No. 4983291,1991,2.64,m-Phenylenediamine,*Nc1cccc(N*)c1,Trimesoyl chloride,*C(=O)c1cc(C(=O)*)cc(C(=O)*)c1,,HIGH,Polyamide TFC patent
147,Post-treatment-5,*Nc1cccc(NC(=O)c2cc(C(=O)O)cc(C(=O)N*)c2)c1,"[""Polyamide""]",U.S. Patent No. 4983291,1991,1.84,m-Phenylenediamine,*Nc1cccc(N*)c1,Trimesoyl chloride,*C(=O)c1cc(C(=O)*)cc(C(=O)*)c1,,HIGH,Polyamide TFC patent
148,Post-treatment-6,*Nc1cccc(NC(=O)c2cc(C(=O)O)cc(C(=O)N*)c2)c1,"[""Polyamide""]",U.S. Patent No. 4983291,1991,1.79,m-Phenylenediamine,*Nc1cccc(N*)c1,Trimesoyl chloride,*C(=O)c1cc(C(=O)*)cc(C(=O)*)c1,,HIGH,Polyamide TFC patent
149,Post-treatment-7,*Nc1cccc(NC(=O)c2cc(C(=O)O)cc(C(=O)N*)c2)c1,"[""Polyamide""]",U.S. Patent No. 4983291,1991,1.56,m-Phenylenediamine,*Nc1cccc(N*)c1,Trimesoyl chloride,*C(=O)c1cc(C(=O)*)cc(C(=O)*)c1,,HIGH,Polyamide TFC patent
150,Post-treatment-8,*Nc1cccc(NC(=O)c2cc(C(=O)O)cc(C(=O)N*)c2)c1,"[""Polyamide""]",U.S. Patent No. 4983291,1991,1.19,m-Phenylenediamine,*Nc1cccc(N*)c1,Trimesoyl chloride,*C(=O)c1cc(C(=O)*)cc(C(=O)*)c1,,HIGH,Polyamide TFC patent
151,No modification-2,*Nc1cccc(NC(=O)c2cc(C(=O)O)cc(C(=O)N*)c2)c1,"[""Polyamide""]",U.S. Patent No. 4983291,1991,4.09,m-Phenylenediamine,*Nc1cccc(N*)c1,Trimesoyl chloride,*C(=O)c1cc(C(=O)*)cc(C(=O)*)c1,,HIGH,Polyamide TFC patent
152,Post-treatment-10,*Nc1cccc(NC(=O)c2cc(C(=O)O)cc(C(=O)N*)c2)c1,"[""Polyamide""]",U.S. Patent No. 4983291,1991,0.55,m-Phenylenediamine,*Nc1cccc(N*)c1,Trimesoyl chloride,*C(=O)c1cc(C(=O)*)cc(C(=O)*)c1,,HIGH,Polyamide TFC patent
153,Post-treatment-11,*Nc1cccc(NC(=O)c2cc(C(=O)O)cc(C(=O)N*)c2)c1,"[""Polyamide""]",U.S. Patent No. 4983291,1991,3.21,m-Phenylenediamine,*Nc1cccc(N*)c1,Trimesoyl chloride,*C(=O)c1cc(C(=O)*)cc(C(=O)*)c1,,HIGH,Polyamide TFC patent
154,Post-treatment-12,*Nc1cccc(NC(=O)c2cc(C(=O)O)cc(C(=O)N*)c2)c1,"[""Polyamide""]",U.S. Patent No. 4983291,1991,6.48,m-Phenylenediamine,*Nc1cccc(N*)c1,Trimesoyl chloride,*C(=O)c1cc(C(=O)*)cc(C(=O)*)c1,,HIGH,Polyamide TFC patent
155,Post-treatment-13,*Nc1cccc(NC(=O)c2cc(C(=O)O)cc(C(=O)N*)c2)c1,"[""Polyamide""]",U.S. Patent No. 4983291,1991,10.62,m-Phenylenediamine,*Nc1cccc(N*)c1,Trimesoyl chloride,*C(=O)c1cc(C(=O)*)cc(C(=O)*)c1,,HIGH,Polyamide TFC patent
156,Post-treatment-14,*Nc1cccc(NC(=O)c2cc(C(=O)O)cc(C(=O)N*)c2)c1,"[""Polyamide""]",U.S. Patent No. 4983291,1991,8.74,m-Phenylenediamine,*Nc1cccc(N*)c1,Trimesoyl chloride,*C(=O)c1cc(C(=O)*)cc(C(=O)*)c1,,HIGH,Polyamide TFC patent
157,No modification-3,*Nc1cccc(NC(=O)c2cc(C(=O)O)cc(C(=O)N*)c2)c1,"[""Polyamide""]",U.S. Patent No. 4983291,1991,6.14,m-Phenylenediamine,*Nc1cccc(N*)c1,Trimesoyl chloride,*C(=O)c1cc(C(=O)*)cc(C(=O)*)c1,,HIGH,Polyamide TFC patent
158,Post-treatment-15,*Nc1cccc(NC(=O)c2cc(C(=O)O)cc(C(=O)N*)c2)c1,"[""Polyamide""]",U.S. Patent No. 4983291,1991,9.12,m-Phenylenediamine,*Nc1cccc(N*)c1,Trimesoyl chloride,*C(=O)c1cc(C(=O)*)cc(C(=O)*)c1,,HIGH,Polyamide TFC patent
159,Post-treatment-16,*Nc1cccc(NC(=O)c2cc(C(=O)O)cc(C(=O)N*)c2)c1,"[""Polyamide""]",U.S. Patent No. 4983291,1991,18.69,m-Phenylenediamine,*Nc1cccc(N*)c1,Trimesoyl chloride,*C(=O)c1cc(C(=O)*)cc(C(=O)*)c1,,HIGH,Polyamide TFC patent
160,No modification-4,*Nc1cccc(NC(=O)c2cc(C(=O)O)cc(C(=O)N*)c2)c1,"[""Polyamide""]",U.S. Patent No. 4983291,1991,3.44,m-Phenylenediamine,*Nc1cccc(N*)c1,Trimesoyl chloride,*C(=O)c1cc(C(=O)*)cc(C(=O)*)c1,,HIGH,Polyamide TFC patent
161,Post-treatment-17,*Nc1cccc(NC(=O)c2cc(C(=O)O)cc(C(=O)N*)c2)c1,"[""Polyamide""]",U.S. Patent No. 4983291,1991,5.32,m-Phenylenediamine,*Nc1cccc(N*)c1,Trimesoyl chloride,*C(=O)c1cc(C(=O)*)cc(C(=O)*)c1,,HIGH,Polyamide TFC patent
162,Post-treatment-18,*Nc1cccc(NC(=O)c2cc(C(=O)O)cc(C(=O)N*)c2)c1,"[""Polyamide""]",U.S. Patent No. 4983291,1991,3.41,m-Phenylenediamine,*Nc1cccc(N*)c1,Trimesoyl chloride,*C(=O)c1cc(C(=O)*)cc(C(=O)*)c1,,HIGH,Polyamide TFC patent
163,Post-treatment-19,*Nc1cccc(NC(=O)c2cc(C(=O)O)cc(C(=O)N*)c2)c1,"[""Polyamide""]",U.S. Patent No. 4983291,1991,2.8,m-Phenylenediamine,*Nc1cccc(N*)c1,Trimesoyl chloride,*C(=O)c1cc(C(=O)*)cc(C(=O)*)c1,,HIGH,Polyamide TFC patent
164,Post-treatment-20,*Nc1cccc(NC(=O)c2cc(C(=O)O)cc(C(=O)N*)c2)c1,"[""Polyamide""]",U.S. Patent No. 4983291,1991,0.95,m-Phenylenediamine,*Nc1cccc(N*)c1,Trimesoyl chloride,*C(=O)c1cc(C(=O)*)cc(C(=O)*)c1,,HIGH,Polyamide TFC patent
165,No modification-5,*Nc1cccc(NC(=O)c2cc(C(=O)O)cc(C(=O)N*)c2)c1,"[""Polyamide""]",U.S. Patent No. 4983291,1991,3.48,m-Phenylenediamine,*Nc1cccc(N*)c1,Trimesoyl chloride,*C(=O)c1cc(C(=O)*)cc(C(=O)*)c1,,HIGH,Polyamide TFC patent
166,Post-treatment-21,*Nc1cccc(NC(=O)c2cc(C(=O)O)cc(C(=O)N*)c2)c1,"[""Polyamide""]",U.S. Patent No. 4983291,1991,9.12,m-Phenylenediamine,*Nc1cccc(N*)c1,Trimesoyl chloride,*C(=O)c1cc(C(=O)*)cc(C(=O)*)c1,,HIGH,Polyamide TFC patent
167,Post-treatment-22,*Nc1cccc(NC(=O)c2cc(C(=O)O)cc(C(=O)N*)c2)c1,"[""Polyamide""]",U.S. Patent No. 4983291,1991,18.69,m-Phenylenediamine,*Nc1cccc(N*)c1,Trimesoyl chloride,*C(=O)c1cc(C(=O)*)cc(C(=O)*)c1,,HIGH,Polyamide TFC patent
168,No modification-6,*Nc1cccc(NC(=O)c2cc(C(=O)O)cc(C(=O)N*)c2)c1,"[""Polyamide""]",U.S. Patent No. 4983291,1991,3.22,m-Phenylenediamine,*Nc1cccc(N*)c1,Trimesoyl chloride,*C(=O)c1cc(C(=O)*)cc(C(=O)*)c1,,HIGH,Polyamide TFC patent
169,Post-treatment-23,*Nc1cccc(NC(=O)c2cc(C(=O)O)cc(C(=O)N*)c2)c1,"[""Polyamide""]",U.S. Patent No. 4983291,1991,0.98,m-Phenylenediamine,*Nc1cccc(N*)c1,Trimesoyl chloride,*C(=O)c1cc(C(=O)*)cc(C(=O)*)c1,,HIGH,Polyamide TFC patent
170,Post-treatment-24,*Nc1cccc(NC(=O)c2cc(C(=O)O)cc(C(=O)N*)c2)c1,"[""Polyamide""]",U.S. Patent No. 4983291,1991,1.6,m-Phenylenediamine,*Nc1cccc(N*)c1,Trimesoyl chloride,*C(=O)c1cc(C(=O)*)cc(C(=O)*)c1,,HIGH,Polyamide TFC patent
171,Post-treatment-25,*Nc1cccc(NC(=O)c2cc(C(=O)O)cc(C(=O)N*)c2)c1,"[""Polyamide""]",U.S. Patent No. 4983291,1991,1.98,m-Phenylenediamine,*Nc1cccc(N*)c1,Trimesoyl chloride,*C(=O)c1cc(C(=O)*)cc(C(=O)*)c1,,HIGH,Polyamide TFC patent
172,TFC-Control,*Nc1cccc(NC(=O)c2cc(C(=O)O)cc(C(=O)N*)c2)c1,"[""Polyamide""]",10.1016/j.memsci.2016.08.005,2016,2.78,m-Phenylenediamine,*Nc1cccc(N*)c1,Trimesoyl chloride,*C(=O)c1cc(C(=O)*)cc(C(=O)*)c1,,MEDIUM,Chemistry-based default
173,TFC-12.5,*Nc1cccc(NC(=O)c2cc(C(=O)O)cc(C(=O)N*)c2)c1,"[""Polyamide""]",10.1016/j.memsci.2016.08.005,2016,1.72,m-Phenylenediamine,*Nc1cccc(N*)c1,Trimesoyl chloride,*C(=O)c1cc(C(=O)*)cc(C(=O)*)c1,,MEDIUM,Chemistry-based default
174,TFC-25.0,*Nc1cccc(NC(=O)c2cc(C(=O)O)cc(C(=O)N*)c2)c1,"[""Polyamide""]",10.1016/j.memsci.2016.08.005,2016,1.57,m-Phenylenediamine,*Nc1cccc(N*)c1,Trimesoyl chloride,*C(=O)c1cc(C(=O)*)cc(C(=O)*)c1,,MEDIUM,Chemistry-based default
175,TFC-Water,*Nc1cccc(NC(=O)c2cc(C(=O)O)cc(C(=O)N*)c2)c1,"[""Polyamide""]",10.1016/j.memsci.2017.04.041,2017,0.89,m-Phenylenediamine,*Nc1cccc(N*)c1,Trimesoyl chloride,*C(=O)c1cc(C(=O)*)cc(C(=O)*)c1,,MEDIUM,Chemistry-based default
176,TFC-Et.Glycol,*Nc1cccc(NC(=O)c2cc(C(=O)O)cc(C(=O)N*)c2)c1,"[""Polyamide""]",10.1016/j.memsci.2017.04.041,2017,2.06,m-Phenylenediamine,*Nc1cccc(N*)c1,Trimesoyl chloride,*C(=O)c1cc(C(=O)*)cc(C(=O)*)c1,,MEDIUM,Chemistry-based default
177,TFC-Ethanol,*Nc1cccc(NC(=O)c2cc(C(=O)O)cc(C(=O)N*)c2)c1,"[""Polyamide""]",10.1016/j.memsci.2017.04.041,2017,1.3,m-Phenylenediamine,*Nc1cccc(N*)c1,Trimesoyl chloride,*C(=O)c1cc(C(=O)*)cc(C(=O)*)c1,,MEDIUM,Chemistry-based default
178,TFC-Methanol,*Nc1cccc(NC(=O)c2cc(C(=O)O)cc(C(=O)N*)c2)c1,"[""Polyamide""]",10.1016/j.memsci.2017.04.041,2017,2.13,m-Phenylenediamine,*Nc1cccc(N*)c1,Trimesoyl chloride,*C(=O)c1cc(C(=O)*)cc(C(=O)*)c1,,MEDIUM,Chemistry-based default
179,TFC-Isopropanol,*Nc1cccc(NC(=O)c2cc(C(=O)O)cc(C(=O)N*)c2)c1,"[""Polyamide""]",10.1016/j.memsci.2017.04.041,2017,1.16,m-Phenylenediamine,*Nc1cccc(N*)c1,Trimesoyl chloride,*C(=O)c1cc(C(=O)*)cc(C(=O)*)c1,,MEDIUM,Chemistry-based default
180,TFC-AmmOH,*Nc1cccc(NC(=O)c2cc(C(=O)O)cc(C(=O)N*)c2)c1,"[""Polyamide""]",10.1016/j.memsci.2017.04.041,2017,2.5,m-Phenylenediamine,*Nc1cccc(N*)c1,Trimesoyl chloride,*C(=O)c1cc(C(=O)*)cc(C(=O)*)c1,,MEDIUM,Chemistry-based default
181,TFC-m-Toluidine,*Nc1cccc(NC(=O)c2cc(C(=O)O)cc(C(=O)N*)c2)c1,"[""Polyamide""]",10.1016/j.memsci.2017.04.041,2017,0.14,m-Phenylenediamine,*Nc1cccc(N*)c1,Trimesoyl chloride,*C(=O)c1cc(C(=O)*)cc(C(=O)*)c1,,MEDIUM,Chemistry-based default
182,TFC-MPD,*Nc1cccc(NC(=O)c2cc(C(=O)O)cc(C(=O)N*)c2)c1,"[""Polyamide""]",10.1016/j.memsci.2017.04.041,2017,0.85,m-Phenylenediamine,*Nc1cccc(N*)c1,Trimesoyl chloride,*C(=O)c1cc(C(=O)*)cc(C(=O)*)c1,,MEDIUM,Chemistry-based default
183,CTA-W,*O[C@H]1[C@H](OC(=O)C)O[C@@H](COC(=O)C)[C@@H](OC(=O)C)[C@@H]1O*,"[""Cellulose triacetate""]",10.1016/j.memsci.2013.04.004,2013,0.36,,,,,,HIGH,Chemistry-based default
184,CTA-NW,*O[C@H]1[C@H](OC(=O)C)O[C@@H](COC(=O)C)[C@@H](OC(=O)C)[C@@H]1O*,"[""Cellulose triacetate""]",10.1016/j.memsci.2013.04.004,2013,0.5,,,,,,HIGH,Chemistry-based default
185,CTA-HW,*O[C@H]1[C@H](OC(=O)C)O[C@@H](COC(=O)C)[C@@H](OC(=O)C)[C@@H]1O*,"[""Cellulose triacetate""]",10.1016/j.memsci.2013.04.004,2013,1.17,,,,,,HIGH,Chemistry-based default
186,TFC,*Nc1cccc(NC(=O)c2cc(C(=O)O)cc(C(=O)N*)c2)c1,"[""Polyamide""]",10.1016/j.memsci.2013.04.004,2013,1.8909,m-Phenylenediamine,*Nc1cccc(N*)c1,Trimesoyl chloride,*C(=O)c1cc(C(=O)*)cc(C(=O)*)c1,,MEDIUM,Chemistry-based default
188,PSfN0.5-TFC,*Nc1cccc(NC(=O)c2cc(C(=O)O)cc(C(=O)N*)c2)c1,"[""Polyamide""]",10.1016/j.memsci.2013.04.004,2013,3.345,m-Phenylenediamine,*Nc1cccc(N*)c1,Trimesoyl chloride,*C(=O)c1cc(C(=O)*)cc(C(=O)*)c1,,MEDIUM,Chemistry-based default
189,PSfN1-TFC,*Nc1cccc(NC(=O)c2cc(C(=O)O)cc(C(=O)N*)c2)c1,"[""Polyamide""]",10.1016/j.memsci.2013.04.004,2013,4.327,m-Phenylenediamine,*Nc1cccc(N*)c1,Trimesoyl chloride,*C(=O)c1cc(C(=O)*)cc(C(=O)*)c1,,MEDIUM,Chemistry-based default
190,Post-treatment-1,*Nc1cccc(NC(=O)c2cc(C(=O)O)cc(C(=O)N*)c2)c1,"[""Polyamide""]",U.S. Patent No.7913857 B2,2011,2.87,m-Phenylenediamine,*Nc1cccc(N*)c1,Trimesoyl chloride,*C(=O)c1cc(C(=O)*)cc(C(=O)*)c1,,HIGH,Modern PA-TFC patent
191,Post-treatment-2,*Nc1cccc(NC(=O)c2cc(C(=O)O)cc(C(=O)N*)c2)c1,"[""Polyamide""]",U.S. Patent No.7913857 B2,2011,2.8,m-Phenylenediamine,*Nc1cccc(N*)c1,Trimesoyl chloride,*C(=O)c1cc(C(=O)*)cc(C(=O)*)c1,,HIGH,Modern PA-TFC patent
192,Post-treatment-3,*Nc1cccc(NC(=O)c2cc(C(=O)O)cc(C(=O)N*)c2)c1,"[""Polyamide""]",U.S. Patent No.7913857 B2,2011,2.78,m-Phenylenediamine,*Nc1cccc(N*)c1,Trimesoyl chloride,*C(=O)c1cc(C(=O)*)cc(C(=O)*)c1,,HIGH,Modern PA-TFC patent
193,Post-treatment-5,*Nc1cccc(NC(=O)c2cc(C(=O)O)cc(C(=O)N*)c2)c1,"[""Polyamide""]",U.S. Patent No.7913857 B2,2011,2.71,m-Phenylenediamine,*Nc1cccc(N*)c1,Trimesoyl chloride,*C(=O)c1cc(C(=O)*)cc(C(=O)*)c1,,HIGH,Modern PA-TFC patent
194,Post-treatment-4,*Nc1cccc(NC(=O)c2cc(C(=O)O)cc(C(=O)N*)c2)c1,"[""Polyamide""]",U.S. Patent No.7913857 B2,2011,2.75,m-Phenylenediamine,*Nc1cccc(N*)c1,Trimesoyl chloride,*C(=O)c1cc(C(=O)*)cc(C(=O)*)c1,,HIGH,Modern PA-TFC patent
195,Post-treatment-6,*Nc1cccc(NC(=O)c2cc(C(=O)O)cc(C(=O)N*)c2)c1,"[""Polyamide""]",U.S. Patent No.7913857 B2,2011,2.72,m-Phenylenediamine,*Nc1cccc(N*)c1,Trimesoyl chloride,*C(=O)c1cc(C(=O)*)cc(C(=O)*)c1,,HIGH,Modern PA-TFC patent
196,Post-treatment-7,*Nc1cccc(NC(=O)c2cc(C(=O)O)cc(C(=O)N*)c2)c1,"[""Polyamide""]",U.S. Patent No.7913857 B2,2011,3.03,m-Phenylenediamine,*Nc1cccc(N*)c1,Trimesoyl chloride,*C(=O)c1cc(C(=O)*)cc(C(=O)*)c1,,HIGH,Modern PA-TFC patent
197,Post-treatment-8,*Nc1cccc(NC(=O)c2cc(C(=O)O)cc(C(=O)N*)c2)c1,"[""Polyamide""]",U.S. Patent No.7913857 B2,2011,2.74,m-Phenylenediamine,*Nc1cccc(N*)c1,Trimesoyl chloride,*C(=O)c1cc(C(=O)*)cc(C(=O)*)c1,,HIGH,Modern PA-TFC patent
198,Post-treatment-9,*Nc1cccc(NC(=O)c2cc(C(=O)O)cc(C(=O)N*)c2)c1,"[""Polyamide""]",U.S. Patent No.7913857 B2,2011,2.9,m-Phenylenediamine,*Nc1cccc(N*)c1,Trimesoyl chloride,*C(=O)c1cc(C(=O)*)cc(C(=O)*)c1,,HIGH,Modern PA-TFC patent
199,Post-treatment-10,*Nc1cccc(NC(=O)c2cc(C(=O)O)cc(C(=O)N*)c2)c1,"[""Polyamide""]",U.S. Patent No.7913857 B2,2011,2.74,m-Phenylenediamine,*Nc1cccc(N*)c1,Trimesoyl chloride,*C(=O)c1cc(C(=O)*)cc(C(=O)*)c1,,HIGH,Modern PA-TFC patent
200,Post-treatment-11,*Nc1cccc(NC(=O)c2cc(C(=O)O)cc(C(=O)N*)c2)c1,"[""Polyamide""]",U.S. Patent No.7913857 B2,2011,3.26,m-Phenylenediamine,*Nc1cccc(N*)c1,Trimesoyl chloride,*C(=O)c1cc(C(=O)*)cc(C(=O)*)c1,,HIGH,Modern PA-TFC patent
201,Post-treatment-12,*Nc1cccc(NC(=O)c2cc(C(=O)O)cc(C(=O)N*)c2)c1,"[""Polyamide""]",U.S. Patent No.7913857 B2,2011,3.51,m-Phenylenediamine,*Nc1cccc(N*)c1,Trimesoyl chloride,*C(=O)c1cc(C(=O)*)cc(C(=O)*)c1,,HIGH,Modern PA-TFC patent
202,Post-treatment-13,*Nc1cccc(NC(=O)c2cc(C(=O)O)cc(C(=O)N*)c2)c1,"[""Polyamide""]",U.S. Patent No.7913857 B2,2011,2.48,m-Phenylenediamine,*Nc1cccc(N*)c1,Trimesoyl chloride,*C(=O)c1cc(C(=O)*)cc(C(=O)*)c1,,HIGH,Modern PA-TFC patent
203,PSf,*Oc1ccc(C(C)(C)c2ccc(Oc3ccc(S(=O)(=O)c4ccc(O*)cc4)cc3)cc2)cc1,"[""Polysulfone""]",10.1002/app.43719,2016,0.99,,,,,,HIGH,Chemistry-based default
204,PSf-TiO2-PHEMA 1%,*Oc1ccc(C(C)(C)c2ccc(Oc3ccc(S(=O)(=O)c4ccc(O*)cc4)cc3)cc2)cc1,"[""Polysulfone""]",10.1002/app.43719,2016,1.43,,,,,,HIGH,Chemistry-based default
205,PSf-TiO2-PHEMA 2%,*Oc1ccc(C(C)(C)c2ccc(Oc3ccc(S(=O)(=O)c4ccc(O*)cc4)cc3)cc2)cc1,"[""Polysulfone""]",10.1002/app.43719,2016,1.89,,,,,,HIGH,Chemistry-based default
206,PSf-TiO2-PHEMA 3%,*Oc1ccc(C(C)(C)c2ccc(Oc3ccc(S(=O)(=O)c4ccc(O*)cc4)cc3)cc2)cc1,"[""Polysulfone""]",10.1002/app.43719,2016,2.41,,,,,,HIGH,Chemistry-based default
207,Example 13,*Nc1cccc(NC(=O)c2cc(C(=O)O)cc(C(=O)N*)c2)c1,"[""Polyamide""]",U.S. Patent No. 4039440,1977,0.83,m-Phenylenediamine,*Nc1cccc(N*)c1,Trimesoyl chloride,*C(=O)c1cc(C(=O)*)cc(C(=O)*)c1,,HIGH,Cadotte patent - original MPD-TMC TFC
208,Example 14,*Nc1cccc(NC(=O)c2cc(C(=O)O)cc(C(=O)N*)c2)c1,"[""Polyamide""]",U.S. Patent No. 4039440,1977,0.93,m-Phenylenediamine,*Nc1cccc(N*)c1,Trimesoyl chloride,*C(=O)c1cc(C(=O)*)cc(C(=O)*)c1,,HIGH,Cadotte patent - original MPD-TMC TFC
209,Example 1,*Nc1cccc(NC(=O)c2cc(C(=O)O)cc(C(=O)N*)c2)c1,"[""Other""]",U.S. Patent No. 4039440,1977,0.15,m-Phenylenediamine,*Nc1cccc(N*)c1,Trimesoyl chloride,*C(=O)c1cc(C(=O)*)cc(C(=O)*)c1,,HIGH,Cadotte patent - original MPD-TMC TFC
210,Example 2,*Nc1cccc(NC(=O)c2cc(C(=O)O)cc(C(=O)N*)c2)c1,"[""Other""]",U.S. Patent No. 4039440,1977,0.13,m-Phenylenediamine,*Nc1cccc(N*)c1,Trimesoyl chloride,*C(=O)c1cc(C(=O)*)cc(C(=O)*)c1,,HIGH,Cadotte patent - original MPD-TMC TFC
211,Example 3,*Nc1cccc(NC(=O)c2cc(C(=O)O)cc(C(=O)N*)c2)c1,"[""Other""]",U.S. Patent No. 4039440,1977,0.42,m-Phenylenediamine,*Nc1cccc(N*)c1,Trimesoyl chloride,*C(=O)c1cc(C(=O)*)cc(C(=O)*)c1,,HIGH,Cadotte patent - original MPD-TMC TFC
212,Example 4,*Nc1cccc(NC(=O)c2cc(C(=O)O)cc(C(=O)N*)c2)c1,"[""Polyamide""]",U.S. Patent No. 4039440,1977,0.18,m-Phenylenediamine,*Nc1cccc(N*)c1,Trimesoyl chloride,*C(=O)c1cc(C(=O)*)cc(C(=O)*)c1,,HIGH,Cadotte patent - original MPD-TMC TFC
213,Example 5,*Nc1cccc(NC(=O)c2cc(C(=O)O)cc(C(=O)N*)c2)c1,"[""Other""]",U.S. Patent No. 4039440,1977,0.12,m-Phenylenediamine,*Nc1cccc(N*)c1,Trimesoyl chloride,*C(=O)c1cc(C(=O)*)cc(C(=O)*)c1,,HIGH,Cadotte patent - original MPD-TMC TFC
214,Example 6,*Nc1cccc(NC(=O)c2cc(C(=O)O)cc(C(=O)N*)c2)c1,"[""Other""]",U.S. Patent No. 4039440,1977,0.26,m-Phenylenediamine,*Nc1cccc(N*)c1,Trimesoyl chloride,*C(=O)c1cc(C(=O)*)cc(C(=O)*)c1,,HIGH,Cadotte patent - original MPD-TMC TFC
215,Example 7,*Nc1cccc(NC(=O)c2cc(C(=O)O)cc(C(=O)N*)c2)c1,"[""Other""]",U.S. Patent No. 4039440,1977,1.43,m-Phenylenediamine,*Nc1cccc(N*)c1,Trimesoyl chloride,*C(=O)c1cc(C(=O)*)cc(C(=O)*)c1,,HIGH,Cadotte patent - original MPD-TMC TFC
216,Example 8,*Nc1cccc(NC(=O)c2cc(C(=O)O)cc(C(=O)N*)c2)c1,"[""Other""]",U.S. Patent No. 4039440,1977,0.65,m-Phenylenediamine,*Nc1cccc(N*)c1,Trimesoyl chloride,*C(=O)c1cc(C(=O)*)cc(C(=O)*)c1,,HIGH,Cadotte patent - original MPD-TMC TFC
217,Example 9,*Nc1cccc(NC(=O)c2cc(C(=O)O)cc(C(=O)N*)c2)c1,"[""Other""]",U.S. Patent No. 4039440,1977,0.45,m-Phenylenediamine,*Nc1cccc(N*)c1,Trimesoyl chloride,*C(=O)c1cc(C(=O)*)cc(C(=O)*)c1,,HIGH,Cadotte patent - original MPD-TMC TFC
218,Example 10,*Nc1cccc(NC(=O)c2cc(C(=O)O)cc(C(=O)N*)c2)c1,"[""Other""]",U.S. Patent No. 4039440,1977,0.19,m-Phenylenediamine,*Nc1cccc(N*)c1,Trimesoyl chloride,*C(=O)c1cc(C(=O)*)cc(C(=O)*)c1,,HIGH,Cadotte patent - original MPD-TMC TFC
219,Example 11,*Nc1cccc(NC(=O)c2cc(C(=O)O)cc(C(=O)N*)c2)c1,"[""Other""]",U.S. Patent No. 4039440,1977,0.1,m-Phenylenediamine,*Nc1cccc(N*)c1,Trimesoyl chloride,*C(=O)c1cc(C(=O)*)cc(C(=O)*)c1,,HIGH,Cadotte patent - original MPD-TMC TFC
220,Example 15,*Nc1cccc(NC(=O)c2cc(C(=O)O)cc(C(=O)N*)c2)c1,"[""Polyamide""]",U.S. Patent No. 4039440,1977,1.11,m-Phenylenediamine,*Nc1cccc(N*)c1,Trimesoyl chloride,*C(=O)c1cc(C(=O)*)cc(C(=O)*)c1,,HIGH,Cadotte patent - original MPD-TMC TFC
221,Example 16,*Nc1cccc(NC(=O)c2cc(C(=O)O)cc(C(=O)N*)c2)c1,"[""Other""]",U.S. Patent No. 4039440,1977,1.65,m-Phenylenediamine,*Nc1cccc(N*)c1,Trimesoyl chloride,*C(=O)c1cc(C(=O)*)cc(C(=O)*)c1,,HIGH,Cadotte patent - original MPD-TMC TFC
222,Example 17,*Nc1cccc(NC(=O)c2cc(C(=O)O)cc(C(=O)N*)c2)c1,"[""Other""]",U.S. Patent No. 4039440,1977,2.33,m-Phenylenediamine,*Nc1cccc(N*)c1,Trimesoyl chloride,*C(=O)c1cc(C(=O)*)cc(C(=O)*)c1,,HIGH,Cadotte patent - original MPD-TMC TFC
223,Example 18,*Nc1cccc(NC(=O)c2cc(C(=O)O)cc(C(=O)N*)c2)c1,"[""Other""]",U.S. Patent No. 4039440,1977,0.13,m-Phenylenediamine,*Nc1cccc(N*)c1,Trimesoyl chloride,*C(=O)c1cc(C(=O)*)cc(C(=O)*)c1,,HIGH,Cadotte patent - original MPD-TMC TFC
224,Example 19,*Nc1cccc(NC(=O)c2cc(C(=O)O)cc(C(=O)N*)c2)c1,"[""Other""]",U.S. Patent No. 4039440,1977,1.43,m-Phenylenediamine,*Nc1cccc(N*)c1,Trimesoyl chloride,*C(=O)c1cc(C(=O)*)cc(C(=O)*)c1,,HIGH,Cadotte patent - original MPD-TMC TFC
225,Example 20,*Nc1cccc(NC(=O)c2cc(C(=O)O)cc(C(=O)N*)c2)c1,"[""Other""]",U.S. Patent No. 4039440,1977,0.22,m-Phenylenediamine,*Nc1cccc(N*)c1,Trimesoyl chloride,*C(=O)c1cc(C(=O)*)cc(C(=O)*)c1,,HIGH,Cadotte patent - original MPD-TMC TFC
226,Example 21,*Nc1cccc(NC(=O)c2cc(C(=O)O)cc(C(=O)N*)c2)c1,"[""Polyamide""]",U.S. Patent No. 4039440,1977,3.46,m-Phenylenediamine,*Nc1cccc(N*)c1,Trimesoyl chloride,*C(=O)c1cc(C(=O)*)cc(C(=O)*)c1,,HIGH,Cadotte patent - original MPD-TMC TFC
227,Example 22,*Nc1cccc(NC(=O)c2cc(C(=O)O)cc(C(=O)N*)c2)c1,"[""Polyamide""]",U.S. Patent No. 4039440,1977,1.05,m-Phenylenediamine,*Nc1cccc(N*)c1,Trimesoyl chloride,*C(=O)c1cc(C(=O)*)cc(C(=O)*)c1,,HIGH,Cadotte patent - original MPD-TMC TFC
228,Example 23,*Nc1cccc(NC(=O)c2cc(C(=O)O)cc(C(=O)N*)c2)c1,"[""Polyamide""]",U.S. Patent No. 4039440,1977,0.54,m-Phenylenediamine,*Nc1cccc(N*)c1,Trimesoyl chloride,*C(=O)c1cc(C(=O)*)cc(C(=O)*)c1,,HIGH,Cadotte patent - original MPD-TMC TFC
229,Example 24,*Nc1cccc(NC(=O)c2cc(C(=O)O)cc(C(=O)N*)c2)c1,"[""Polyamide""]",U.S. Patent No. 4039440,1977,0.05,m-Phenylenediamine,*Nc1cccc(N*)c1,Trimesoyl chloride,*C(=O)c1cc(C(=O)*)cc(C(=O)*)c1,,HIGH,Cadotte patent - original MPD-TMC TFC
230,control,*Nc1cccc(NC(=O)c2cc(C(=O)O)cc(C(=O)N*)c2)c1,"[""Polyamide""]",U.S. Patent No. 4039440,1977,2.96,m-Phenylenediamine,*Nc1cccc(N*)c1,Trimesoyl chloride,*C(=O)c1cc(C(=O)*)cc(C(=O)*)c1,,HIGH,Cadotte patent - original MPD-TMC TFC
231,Example 25,*Nc1cccc(NC(=O)c2cc(C(=O)O)cc(C(=O)N*)c2)c1,"[""Polyamide""]",U.S. Patent No. 4039440,1977,4.35,m-Phenylenediamine,*Nc1cccc(N*)c1,Trimesoyl chloride,*C(=O)c1cc(C(=O)*)cc(C(=O)*)c1,,HIGH,Cadotte patent - original MPD-TMC TFC
232,Example 26,*Nc1cccc(NC(=O)c2cc(C(=O)O)cc(C(=O)N*)c2)c1,"[""Polyamide""]",U.S. Patent No. 4039440,1977,20.85,m-Phenylenediamine,*Nc1cccc(N*)c1,Trimesoyl chloride,*C(=O)c1cc(C(=O)*)cc(C(=O)*)c1,,HIGH,Cadotte patent - original MPD-TMC TFC
233,Example 27,*Nc1cccc(NC(=O)c2cc(C(=O)O)cc(C(=O)N*)c2)c1,"[""Polyamide""]",U.S. Patent No. 4039440,1977,1.04,m-Phenylenediamine,*Nc1cccc(N*)c1,Trimesoyl chloride,*C(=O)c1cc(C(=O)*)cc(C(=O)*)c1,,HIGH,Cadotte patent - original MPD-TMC TFC
234,Example 28,*Nc1cccc(NC(=O)c2cc(C(=O)O)cc(C(=O)N*)c2)c1,"[""Polyamide""]",U.S. Patent No. 4039440,1977,2.5,m-Phenylenediamine,*Nc1cccc(N*)c1,Trimesoyl chloride,*C(=O)c1cc(C(=O)*)cc(C(=O)*)c1,,HIGH,Cadotte patent - original MPD-TMC TFC
235,Example 29,*Nc1cccc(NC(=O)c2cc(C(=O)O)cc(C(=O)N*)c2)c1,"[""Polyamide""]",U.S. Patent No. 4039440,1977,9.44,m-Phenylenediamine,*Nc1cccc(N*)c1,Trimesoyl chloride,*C(=O)c1cc(C(=O)*)cc(C(=O)*)c1,,HIGH,Cadotte patent - original MPD-TMC TFC
236,Example 30,*Nc1cccc(NC(=O)c2cc(C(=O)O)cc(C(=O)N*)c2)c1,"[""Polyamide""]",U.S. Patent No. 4039440,1977,1.3,m-Phenylenediamine,*Nc1cccc(N*)c1,Trimesoyl chloride,*C(=O)c1cc(C(=O)*)cc(C(=O)*)c1,,HIGH,Cadotte patent - original MPD-TMC TFC
237,Example 31,*Nc1cccc(NC(=O)c2cc(C(=O)O)cc(C(=O)N*)c2)c1,"[""Polyamide""]",U.S. Patent No. 4039440,1977,0.25,m-Phenylenediamine,*Nc1cccc(N*)c1,Trimesoyl chloride,*C(=O)c1cc(C(=O)*)cc(C(=O)*)c1,,HIGH,Cadotte patent - original MPD-TMC TFC
238,mLBL-3,*Nc1cccc(NC(=O)c2cc(C(=O)O)cc(C(=O)N*)c2)c1,"[""Polyamide""]",10.1039/C6TA09962A,2017,4.44,m-Phenylenediamine,*Nc1cccc(N*)c1,Trimesoyl chloride,*C(=O)c1cc(C(=O)*)cc(C(=O)*)c1,,MEDIUM,Chemistry-based default
239,mLBL-4,*Nc1cccc(NC(=O)c2cc(C(=O)O)cc(C(=O)N*)c2)c1,"[""Polyamide""]",10.1039/C6TA09962A,2017,3.74,m-Phenylenediamine,*Nc1cccc(N*)c1,Trimesoyl chloride,*C(=O)c1cc(C(=O)*)cc(C(=O)*)c1,,MEDIUM,Chemistry-based default
240,mLBL-5,*Nc1cccc(NC(=O)c2cc(C(=O)O)cc(C(=O)N*)c2)c1,"[""Polyamide""]",10.1039/C6TA09962A,2017,3.13,m-Phenylenediamine,*Nc1cccc(N*)c1,Trimesoyl chloride,*C(=O)c1cc(C(=O)*)cc(C(=O)*)c1,,MEDIUM,Chemistry-based default
241,mLBL-6,*Nc1cccc(NC(=O)c2cc(C(=O)O)cc(C(=O)N*)c2)c1,"[""Polyamide""]",10.1039/C6TA09962A,2017,2.58,m-Phenylenediamine,*Nc1cccc(N*)c1,Trimesoyl chloride,*C(=O)c1cc(C(=O)*)cc(C(=O)*)c1,,MEDIUM,Chemistry-based default
242,SW30XHR-440,*Nc1cccc(NC(=O)c2cc(C(=O)O)cc(C(=O)N*)c2)c1,"[""Polyamide""]",https://www.dupont.com/content/dam/dupont/amer/us/en/water-solutions/public/documents/en/45-D00970-en.pdf,2020,1.15,m-Phenylenediamine,*Nc1cccc(N*)c1,Trimesoyl chloride,*C(=O)c1cc(C(=O)*)cc(C(=O)*)c1,,MEDIUM,Chemistry-based default
243,SW30HRLE-400,*Nc1cccc(NC(=O)c2cc(C(=O)O)cc(C(=O)N*)c2)c1,"[""Polyamide""]",https://www.dupont.com/content/dam/dupont/amer/us/en/water-solutions/public/documents/en/45-D00967-en.pdf,2020,1.35,m-Phenylenediamine,*Nc1cccc(N*)c1,Trimesoyl chloride,*C(=O)c1cc(C(=O)*)cc(C(=O)*)c1,,MEDIUM,Chemistry-based default
244,Example 1,*Nc1cccc(NC(=O)c2cc(C(=O)O)cc(C(=O)N*)c2)c1,"[""Polyamide""]",U.S. Patent No. 4872984,1989,2.55,m-Phenylenediamine,*Nc1cccc(N*)c1,Trimesoyl chloride,*C(=O)c1cc(C(=O)*)cc(C(=O)*)c1,,HIGH,Polyamide TFC patent
245,Example 2,*Nc1cccc(NC(=O)c2cc(C(=O)O)cc(C(=O)N*)c2)c1,"[""Polyamide""]",U.S. Patent No. 4872984,1989,2.51,m-Phenylenediamine,*Nc1cccc(N*)c1,Trimesoyl chloride,*C(=O)c1cc(C(=O)*)cc(C(=O)*)c1,,HIGH,Polyamide TFC patent
246,Example 3,*Nc1cccc(NC(=O)c2cc(C(=O)O)cc(C(=O)N*)c2)c1,"[""Polyamide""]",U.S. Patent No. 4872984,1989,2.05,m-Phenylenediamine,*Nc1cccc(N*)c1,Trimesoyl chloride,*C(=O)c1cc(C(=O)*)cc(C(=O)*)c1,,HIGH,Polyamide TFC patent
247,Example 4,*Nc1cccc(NC(=O)c2cc(C(=O)O)cc(C(=O)N*)c2)c1,"[""Polyamide""]",U.S. Patent No. 4872984,1989,1.99,m-Phenylenediamine,*Nc1cccc(N*)c1,Trimesoyl chloride,*C(=O)c1cc(C(=O)*)cc(C(=O)*)c1,,HIGH,Polyamide TFC patent
248,Example 5,*Nc1cccc(NC(=O)c2cc(C(=O)O)cc(C(=O)N*)c2)c1,"[""Polyamide""]",U.S. Patent No. 4872984,1989,2.82,m-Phenylenediamine,*Nc1cccc(N*)c1,Trimesoyl chloride,*C(=O)c1cc(C(=O)*)cc(C(=O)*)c1,,HIGH,Polyamide TFC patent
249,Comp. A,*Nc1cccc(NC(=O)c2cc(C(=O)O)cc(C(=O)N*)c2)c1,"[""Polyamide""]",U.S. Patent No. 4872984,1989,0.69,m-Phenylenediamine,*Nc1cccc(N*)c1,Trimesoyl chloride,*C(=O)c1cc(C(=O)*)cc(C(=O)*)c1,,HIGH,Polyamide TFC patent
250,Example 7,*Nc1cccc(NC(=O)c2cc(C(=O)O)cc(C(=O)N*)c2)c1,"[""Polyamide""]",U.S. Patent No. 4872984,1989,2.65,m-Phenylenediamine,*Nc1cccc(N*)c1,Trimesoyl chloride,*C(=O)c1cc(C(=O)*)cc(C(=O)*)c1,,HIGH,Polyamide TFC patent
251,Example 6,*Nc1cccc(NC(=O)c2cc(C(=O)O)cc(C(=O)N*)c2)c1,"[""Polyamide""]",U.S. Patent No. 4872984,1989,2.51,m-Phenylenediamine,*Nc1cccc(N*)c1,Trimesoyl chloride,*C(=O)c1cc(C(=O)*)cc(C(=O)*)c1,,HIGH,Polyamide TFC patent
252,Example 9,*Nc1cccc(NC(=O)c2cc(C(=O)O)cc(C(=O)N*)c2)c1,"[""Polyamide""]",U.S. Patent No. 4872984,1989,2.51,m-Phenylenediamine,*Nc1cccc(N*)c1,Trimesoyl chloride,*C(=O)c1cc(C(=O)*)cc(C(=O)*)c1,,HIGH,Polyamide TFC patent
253,Example 10,*Nc1cccc(NC(=O)c2cc(C(=O)O)cc(C(=O)N*)c2)c1,"[""Polyamide""]",U.S. Patent No. 4872984,1989,2.64,m-Phenylenediamine,*Nc1cccc(N*)c1,Trimesoyl chloride,*C(=O)c1cc(C(=O)*)cc(C(=O)*)c1,,HIGH,Polyamide TFC patent
254,Comp. B,*Nc1cccc(NC(=O)c2cc(C(=O)O)cc(C(=O)N*)c2)c1,"[""Polyamide""]",U.S. Patent No. 4872984,1989,0.76,m-Phenylenediamine,*Nc1cccc(N*)c1,Trimesoyl chloride,*C(=O)c1cc(C(=O)*)cc(C(=O)*)c1,,HIGH,Polyamide TFC patent
255,Example 11,*Nc1cccc(NC(=O)c2cc(C(=O)O)cc(C(=O)N*)c2)c1,"[""Polyamide""]",U.S. Patent No. 4872984,1989,2.25,m-Phenylenediamine,*Nc1cccc(N*)c1,Trimesoyl chloride,*C(=O)c1cc(C(=O)*)cc(C(=O)*)c1,,HIGH,Polyamide TFC patent
256,Comp. C,*Nc1cccc(NC(=O)c2cc(C(=O)O)cc(C(=O)N*)c2)c1,"[""Polyamide""]",U.S. Patent No. 4872984,1989,1.92,m-Phenylenediamine,*Nc1cccc(N*)c1,Trimesoyl chloride,*C(=O)c1cc(C(=O)*)cc(C(=O)*)c1,,HIGH,Polyamide TFC patent
257,Example 12,*Nc1cccc(NC(=O)c2cc(C(=O)O)cc(C(=O)N*)c2)c1,"[""Polyamide""]",U.S. Patent No. 4872984,1989,2.34,m-Phenylenediamine,*Nc1cccc(N*)c1,Trimesoyl chloride,*C(=O)c1cc(C(=O)*)cc(C(=O)*)c1,,HIGH,Polyamide TFC patent
258,Example 13,*Nc1cccc(NC(=O)c2cc(C(=O)O)cc(C(=O)N*)c2)c1,"[""Polyamide""]",U.S. Patent No. 4872984,1989,2.12,m-Phenylenediamine,*Nc1cccc(N*)c1,Trimesoyl chloride,*C(=O)c1cc(C(=O)*)cc(C(=O)*)c1,,HIGH,Polyamide TFC patent
259,Example 14,*Nc1cccc(NC(=O)c2cc(C(=O)O)cc(C(=O)N*)c2)c1,"[""Polyamide""]",U.S. Patent No. 4872984,1989,2.39,m-Phenylenediamine,*Nc1cccc(N*)c1,Trimesoyl chloride,*C(=O)c1cc(C(=O)*)cc(C(=O)*)c1,,HIGH,Polyamide TFC patent
260,Example 15,*Nc1cccc(NC(=O)c2cc(C(=O)O)cc(C(=O)N*)c2)c1,"[""Polyamide""]",U.S. Patent No. 4872984,1989,2.09,m-Phenylenediamine,*Nc1cccc(N*)c1,Trimesoyl chloride,*C(=O)c1cc(C(=O)*)cc(C(=O)*)c1,,HIGH,Polyamide TFC patent
261,Comp. D,*Nc1cccc(NC(=O)c2cc(C(=O)O)cc(C(=O)N*)c2)c1,"[""Polyamide""]",U.S. Patent No. 4872984,1989,1.67,m-Phenylenediamine,*Nc1cccc(N*)c1,Trimesoyl chloride,*C(=O)c1cc(C(=O)*)cc(C(=O)*)c1,,HIGH,Polyamide TFC patent
262,Example 16,*Nc1cccc(NC(=O)c2cc(C(=O)O)cc(C(=O)N*)c2)c1,"[""Polyamide""]",U.S. Patent No. 4872984,1989,1.95,m-Phenylenediamine,*Nc1cccc(N*)c1,Trimesoyl chloride,*C(=O)c1cc(C(=O)*)cc(C(=O)*)c1,,HIGH,Polyamide TFC patent
263,Example 17,*Nc1cccc(NC(=O)c2cc(C(=O)O)cc(C(=O)N*)c2)c1,"[""Polyamide""]",U.S. Patent No. 4872984,1989,1.89,m-Phenylenediamine,*Nc1cccc(N*)c1,Trimesoyl chloride,*C(=O)c1cc(C(=O)*)cc(C(=O)*)c1,,HIGH,Polyamide TFC patent
264,Example 18,*Nc1cccc(NC(=O)c2cc(C(=O)O)cc(C(=O)N*)c2)c1,"[""Polyamide""]",U.S. Patent No. 4872984,1989,2,m-Phenylenediamine,*Nc1cccc(N*)c1,Trimesoyl chloride,*C(=O)c1cc(C(=O)*)cc(C(=O)*)c1,,HIGH,Polyamide TFC patent
265,Example 19,*Nc1cccc(NC(=O)c2cc(C(=O)O)cc(C(=O)N*)c2)c1,"[""Polyamide""]",U.S. Patent No. 4872984,1989,2.78,m-Phenylenediamine,*Nc1cccc(N*)c1,Trimesoyl chloride,*C(=O)c1cc(C(=O)*)cc(C(=O)*)c1,,HIGH,Polyamide TFC patent
266,Comp. E,*Nc1cccc(NC(=O)c2cc(C(=O)O)cc(C(=O)N*)c2)c1,"[""Polyamide""]",U.S. Patent No. 4872984,1989,1.78,m-Phenylenediamine,*Nc1cccc(N*)c1,Trimesoyl chloride,*C(=O)c1cc(C(=O)*)cc(C(=O)*)c1,,HIGH,Polyamide TFC patent
267,Example 20,*Nc1cccc(NC(=O)c2cc(C(=O)O)cc(C(=O)N*)c2)c1,"[""Polyamide""]",U.S. Patent No. 4872984,1989,2.33,m-Phenylenediamine,*Nc1cccc(N*)c1,Trimesoyl chloride,*C(=O)c1cc(C(=O)*)cc(C(=O)*)c1,,HIGH,Polyamide TFC patent
268,Comp. F,*Nc1cccc(NC(=O)c2cc(C(=O)O)cc(C(=O)N*)c2)c1,"[""Polyamide""]",U.S. Patent No. 4872984,1989,0.7,m-Phenylenediamine,*Nc1cccc(N*)c1,Trimesoyl chloride,*C(=O)c1cc(C(=O)*)cc(C(=O)*)c1,,HIGH,Polyamide TFC patent
269,Example 21,*Nc1cccc(NC(=O)c2cc(C(=O)O)cc(C(=O)N*)c2)c1,"[""Polyamide""]",U.S. Patent No. 4872984,1989,2.46,m-Phenylenediamine,*Nc1cccc(N*)c1,Trimesoyl chloride,*C(=O)c1cc(C(=O)*)cc(C(=O)*)c1,,HIGH,Polyamide TFC patent
270,Example 22,*Nc1cccc(NC(=O)c2cc(C(=O)O)cc(C(=O)N*)c2)c1,"[""Polyamide""]",U.S. Patent No. 4872984,1989,1.76,m-Phenylenediamine,*Nc1cccc(N*)c1,Trimesoyl chloride,*C(=O)c1cc(C(=O)*)cc(C(=O)*)c1,,HIGH,Polyamide TFC patent
271,Comp. G,*Nc1cccc(NC(=O)c2cc(C(=O)O)cc(C(=O)N*)c2)c1,"[""Polyamide""]",U.S. Patent No. 4872984,1989,0.32,m-Phenylenediamine,*Nc1cccc(N*)c1,Trimesoyl chloride,*C(=O)c1cc(C(=O)*)cc(C(=O)*)c1,,HIGH,Polyamide TFC patent
272,Example 23,*Nc1cccc(NC(=O)c2cc(C(=O)O)cc(C(=O)N*)c2)c1,"[""Polyamide""]",U.S. Patent No. 4872984,1989,3.4,m-Phenylenediamine,*Nc1cccc(N*)c1,Trimesoyl chloride,*C(=O)c1cc(C(=O)*)cc(C(=O)*)c1,,HIGH,Polyamide TFC patent
273,Example 24,*Nc1cccc(NC(=O)c2cc(C(=O)O)cc(C(=O)N*)c2)c1,"[""Polyamide""]",U.S. Patent No. 4872984,1989,2.54,m-Phenylenediamine,*Nc1cccc(N*)c1,Trimesoyl chloride,*C(=O)c1cc(C(=O)*)cc(C(=O)*)c1,,HIGH,Polyamide TFC patent
274,Comp. H,*Nc1cccc(NC(=O)c2cc(C(=O)O)cc(C(=O)N*)c2)c1,"[""Polyamide""]",U.S. Patent No. 4872984,1989,1.26,m-Phenylenediamine,*Nc1cccc(N*)c1,Trimesoyl chloride,*C(=O)c1cc(C(=O)*)cc(C(=O)*)c1,,HIGH,Polyamide TFC patent
275,Example 25,*Nc1cccc(NC(=O)c2cc(C(=O)O)cc(C(=O)N*)c2)c1,"[""Polyamide""]",U.S. Patent No. 4872984,1989,2.45,m-Phenylenediamine,*Nc1cccc(N*)c1,Trimesoyl chloride,*C(=O)c1cc(C(=O)*)cc(C(=O)*)c1,,HIGH,Polyamide TFC patent
276,Comp. I,*Nc1cccc(NC(=O)c2cc(C(=O)O)cc(C(=O)N*)c2)c1,"[""Polyamide""]",U.S. Patent No. 4872984,1989,2.05,m-Phenylenediamine,*Nc1cccc(N*)c1,Trimesoyl chloride,*C(=O)c1cc(C(=O)*)cc(C(=O)*)c1,,HIGH,Polyamide TFC patent
277,Example 26,*Nc1cccc(NC(=O)c2cc(C(=O)O)cc(C(=O)N*)c2)c1,"[""Polyamide""]",U.S. Patent No. 4872984,1989,2.55,m-Phenylenediamine,*Nc1cccc(N*)c1,Trimesoyl chloride,*C(=O)c1cc(C(=O)*)cc(C(=O)*)c1,,HIGH,Polyamide TFC patent
278,Example 27,*Nc1cccc(NC(=O)c2cc(C(=O)O)cc(C(=O)N*)c2)c1,"[""Polyamide""]",U.S. Patent No. 4872984,1989,2.89,m-Phenylenediamine,*Nc1cccc(N*)c1,Trimesoyl chloride,*C(=O)c1cc(C(=O)*)cc(C(=O)*)c1,,HIGH,Polyamide TFC patent
279,Example 28,*Nc1cccc(NC(=O)c2cc(C(=O)O)cc(C(=O)N*)c2)c1,"[""Polyamide""]",U.S. Patent No. 4872984,1989,2.38,m-Phenylenediamine,*Nc1cccc(N*)c1,Trimesoyl chloride,*C(=O)c1cc(C(=O)*)cc(C(=O)*)c1,,HIGH,Polyamide TFC patent
280,Example 29,*Nc1cccc(NC(=O)c2cc(C(=O)O)cc(C(=O)N*)c2)c1,"[""Polyamide""]",U.S. Patent No. 4872984,1989,2.64,m-Phenylenediamine,*Nc1cccc(N*)c1,Trimesoyl chloride,*C(=O)c1cc(C(=O)*)cc(C(=O)*)c1,,HIGH,Polyamide TFC patent
281,Comp. J,*Nc1cccc(NC(=O)c2cc(C(=O)O)cc(C(=O)N*)c2)c1,"[""Polyamide""]",U.S. Patent No. 4872984,1989,0.61,m-Phenylenediamine,*Nc1cccc(N*)c1,Trimesoyl chloride,*C(=O)c1cc(C(=O)*)cc(C(=O)*)c1,,HIGH,Polyamide TFC patent
282,Example 30,*Nc1cccc(NC(=O)c2cc(C(=O)O)cc(C(=O)N*)c2)c1,"[""Polyamide""]",U.S. Patent No. 4872984,1989,3.33,m-Phenylenediamine,*Nc1cccc(N*)c1,Trimesoyl chloride,*C(=O)c1cc(C(=O)*)cc(C(=O)*)c1,,HIGH,Polyamide TFC patent
283,Comp. K,*Nc1cccc(NC(=O)c2cc(C(=O)O)cc(C(=O)N*)c2)c1,"[""Polyamide""]",U.S. Patent No. 4872984,1989,0.95,m-Phenylenediamine,*Nc1cccc(N*)c1,Trimesoyl chloride,*C(=O)c1cc(C(=O)*)cc(C(=O)*)c1,,HIGH,Polyamide TFC patent
284,Comp. L,*Nc1cccc(NC(=O)c2cc(C(=O)O)cc(C(=O)N*)c2)c1,"[""Polyamide""]",U.S. Patent No. 4872984,1989,1.52,m-Phenylenediamine,*Nc1cccc(N*)c1,Trimesoyl chloride,*C(=O)c1cc(C(=O)*)cc(C(=O)*)c1,,HIGH,Polyamide TFC patent
285,Example 31,*Nc1cccc(NC(=O)c2cc(C(=O)O)cc(C(=O)N*)c2)c1,"[""Polyamide""]",U.S. Patent No. 4872984,1989,2.8,m-Phenylenediamine,*Nc1cccc(N*)c1,Trimesoyl chloride,*C(=O)c1cc(C(=O)*)cc(C(=O)*)c1,,HIGH,Polyamide TFC patent
286,Example 32,*Nc1cccc(NC(=O)c2cc(C(=O)O)cc(C(=O)N*)c2)c1,"[""Polyamide""]",U.S. Patent No. 4872984,1989,2.7,m-Phenylenediamine,*Nc1cccc(N*)c1,Trimesoyl chloride,*C(=O)c1cc(C(=O)*)cc(C(=O)*)c1,,HIGH,Polyamide TFC patent
287,Comp. M,*Nc1cccc(NC(=O)c2cc(C(=O)O)cc(C(=O)N*)c2)c1,"[""Polyamide""]",U.S. Patent No. 4872984,1989,0.76,m-Phenylenediamine,*Nc1cccc(N*)c1,Trimesoyl chloride,*C(=O)c1cc(C(=O)*)cc(C(=O)*)c1,,HIGH,Polyamide TFC patent
288,M1,*Nc1cccc(NC(=O)c2cc(C(=O)O)cc(C(=O)N*)c2)c1,"[""Polyamide""]",10.1002/app.44444,2017,2.97,m-Phenylenediamine,*Nc1cccc(N*)c1,Trimesoyl chloride,*C(=O)c1cc(C(=O)*)cc(C(=O)*)c1,,HIGH,J Appl Polym Sci - PA modification
289,M2,*Nc1cccc(NC(=O)c2cc(C(=O)O)cc(C(=O)N*)c2)c1,"[""Polyamide""]",10.1002/app.44444,2017,2.76,m-Phenylenediamine,*Nc1cccc(N*)c1,Trimesoyl chloride,*C(=O)c1cc(C(=O)*)cc(C(=O)*)c1,,HIGH,J Appl Polym Sci - PA modification
290,M3,*Nc1cccc(NC(=O)c2cc(C(=O)O)cc(C(=O)N*)c2)c1,"[""Polyamide""]",10.1002/app.44444,2017,2.73,m-Phenylenediamine,*Nc1cccc(N*)c1,Trimesoyl chloride,*C(=O)c1cc(C(=O)*)cc(C(=O)*)c1,,HIGH,J Appl Polym Sci - PA modification
291,M4,*Nc1cccc(NC(=O)c2cc(C(=O)O)cc(C(=O)N*)c2)c1,"[""Polyamide""]",10.1002/app.44444,2017,2.99,m-Phenylenediamine,*Nc1cccc(N*)c1,Trimesoyl chloride,*C(=O)c1cc(C(=O)*)cc(C(=O)*)c1,,HIGH,J Appl Polym Sci - PA modification
292,M5,*Nc1cccc(NC(=O)c2cc(C(=O)O)cc(C(=O)N*)c2)c1,"[""Polyamide""]",10.1002/app.44444,2017,2.86,m-Phenylenediamine,*Nc1cccc(N*)c1,Trimesoyl chloride,*C(=O)c1cc(C(=O)*)cc(C(=O)*)c1,,HIGH,J Appl Polym Sci - PA modification
293,M6,*Nc1cccc(NC(=O)c2cc(C(=O)O)cc(C(=O)N*)c2)c1,"[""Polyamide""]",10.1002/app.44444,2017,2.57,m-Phenylenediamine,*Nc1cccc(N*)c1,Trimesoyl chloride,*C(=O)c1cc(C(=O)*)cc(C(=O)*)c1,,HIGH,J Appl Polym Sci - PA modification
294,M7,*Nc1cccc(NC(=O)c2cc(C(=O)O)cc(C(=O)N*)c2)c1,"[""Polyamide""]",10.1002/app.44444,2017,3.67,m-Phenylenediamine,*Nc1cccc(N*)c1,Trimesoyl chloride,*C(=O)c1cc(C(=O)*)cc(C(=O)*)c1,,HIGH,J Appl Polym Sci - PA modification
295,M8,*Nc1cccc(NC(=O)c2cc(C(=O)O)cc(C(=O)N*)c2)c1,"[""Polyamide""]",10.1002/app.44444,2017,3.69,m-Phenylenediamine,*Nc1cccc(N*)c1,Trimesoyl chloride,*C(=O)c1cc(C(=O)*)cc(C(=O)*)c1,,HIGH,J Appl Polym Sci - PA modification
296,M9,*Nc1cccc(NC(=O)c2cc(C(=O)O)cc(C(=O)N*)c2)c1,"[""Polyamide""]",10.1002/app.44444,2017,3.29,m-Phenylenediamine,*Nc1cccc(N*)c1,Trimesoyl chloride,*C(=O)c1cc(C(=O)*)cc(C(=O)*)c1,,HIGH,J Appl Polym Sci - PA modification
297,M10,*Nc1cccc(NC(=O)c2cc(C(=O)O)cc(C(=O)N*)c2)c1,"[""Polyamide""]",10.1002/app.44444,2017,3.93,m-Phenylenediamine,*Nc1cccc(N*)c1,Trimesoyl chloride,*C(=O)c1cc(C(=O)*)cc(C(=O)*)c1,,HIGH,J Appl Polym Sci - PA modification
298,M11,*Nc1cccc(NC(=O)c2cc(C(=O)O)cc(C(=O)N*)c2)c1,"[""Polyamide""]",10.1002/app.44444,2017,3.38,m-Phenylenediamine,*Nc1cccc(N*)c1,Trimesoyl chloride,*C(=O)c1cc(C(=O)*)cc(C(=O)*)c1,,HIGH,J Appl Polym Sci - PA modification
299,M12,*Nc1cccc(NC(=O)c2cc(C(=O)O)cc(C(=O)N*)c2)c1,"[""Polyamide""]",10.1002/app.44444,2017,3.25,m-Phenylenediamine,*Nc1cccc(N*)c1,Trimesoyl chloride,*C(=O)c1cc(C(=O)*)cc(C(=O)*)c1,,HIGH,J Appl Polym Sci - PA modification
300,TFC-116,*Nc1cccc(NC(=O)c2cc(C(=O)O)cc(C(=O)N*)c2)c1,"[""Polyamide""]",10.1016/j.desal.2011.09.003,2011,5.32,m-Phenylenediamine,*Nc1cccc(N*)c1,Trimesoyl chloride,*C(=O)c1cc(C(=O)*)cc(C(=O)*)c1,,HIGH,Rangarajan - CSMCRI TFC development
301,TFC-99 (2% DMF),*Nc1cccc(NC(=O)c2cc(C(=O)O)cc(C(=O)N*)c2)c1,"[""Polyamide""]",10.1016/j.desal.2011.09.003,2011,4.22,m-Phenylenediamine,*Nc1cccc(N*)c1,Trimesoyl chloride,*C(=O)c1cc(C(=O)*)cc(C(=O)*)c1,,HIGH,Rangarajan - CSMCRI TFC development
302,TFC-101 (6% DMF),*Nc1cccc(NC(=O)c2cc(C(=O)O)cc(C(=O)N*)c2)c1,"[""Polyamide""]",10.1016/j.desal.2011.09.003,2011,4.17,m-Phenylenediamine,*Nc1cccc(N*)c1,Trimesoyl chloride,*C(=O)c1cc(C(=O)*)cc(C(=O)*)c1,,HIGH,Rangarajan - CSMCRI TFC development
303,TFC-103 (10% DMF),*Nc1cccc(NC(=O)c2cc(C(=O)O)cc(C(=O)N*)c2)c1,"[""Polyamide""]",10.1016/j.desal.2011.09.003,2011,4.41,m-Phenylenediamine,*Nc1cccc(N*)c1,Trimesoyl chloride,*C(=O)c1cc(C(=O)*)cc(C(=O)*)c1,,HIGH,Rangarajan - CSMCRI TFC development
304,SW30XLE-400,*Nc1cccc(NC(=O)c2cc(C(=O)O)cc(C(=O)N*)c2)c1,"[""Polyamide""]",https://www.dupont.com/content/dam/dupont/amer/us/en/water-solutions/public/documents/en/45-D00972-en.pdf,2020,2.18,m-Phenylenediamine,*Nc1cccc(N*)c1,Trimesoyl chloride,*C(=O)c1cc(C(=O)*)cc(C(=O)*)c1,,MEDIUM,Chemistry-based default
305,SW30HRLE-4040,*Nc1cccc(NC(=O)c2cc(C(=O)O)cc(C(=O)N*)c2)c1,"[""Polyamide""]",https://www.dupont.com/content/dam/dupont/amer/us/en/water-solutions/public/documents/en/45-D01527-en.pdf,2020,1.62,m-Phenylenediamine,*Nc1cccc(N*)c1,Trimesoyl chloride,*C(=O)c1cc(C(=O)*)cc(C(=O)*)c1,,MEDIUM,Chemistry-based default
306,SWC4-LD,*Nc1cccc(NC(=O)c2cc(C(=O)O)cc(C(=O)N*)c2)c1,"[""Polyamide""]",https://membranes.com/wp-content/uploads/Documents/Element-Specification-Sheets/RO/SWC/SWC4-LD.pdf,2021,1.29,m-Phenylenediamine,*Nc1cccc(N*)c1,Trimesoyl chloride,*C(=O)c1cc(C(=O)*)cc(C(=O)*)c1,,MEDIUM,Chemistry-based default
307,SWC4-MAX,*Nc1cccc(NC(=O)c2cc(C(=O)O)cc(C(=O)N*)c2)c1,"[""Polyamide""]",https://membranes.com/wp-content/uploads/Documents/Element-Specification-Sheets/RO/SWC/SWC4-MAX.pdf,2021,1.31,m-Phenylenediamine,*Nc1cccc(N*)c1,Trimesoyl chloride,*C(=O)c1cc(C(=O)*)cc(C(=O)*)c1,,MEDIUM,Chemistry-based default
308,mlbl0,*Nc1cccc(NC(=O)c2cc(C(=O)O)cc(C(=O)N*)c2)c1,"[""Polyamide""]",10.1002/adma.201302030,2013,3.46,m-Phenylenediamine,*Nc1cccc(N*)c1,Trimesoyl chloride,*C(=O)c1cc(C(=O)*)cc(C(=O)*)c1,,MEDIUM,Chemistry-based default
309,mlbl1,*Nc1cccc(NC(=O)c2cc(C(=O)O)cc(C(=O)N*)c2)c1,"[""Polyamide""]",10.1002/adma.201302030,2013,2.17,m-Phenylenediamine,*Nc1cccc(N*)c1,Trimesoyl chloride,*C(=O)c1cc(C(=O)*)cc(C(=O)*)c1,,MEDIUM,Chemistry-based default
311,mlbl5,*Nc1cccc(NC(=O)c2cc(C(=O)O)cc(C(=O)N*)c2)c1,"[""Polyamide""]",10.1002/adma.201302030,2013,2.04,m-Phenylenediamine,*Nc1cccc(N*)c1,Trimesoyl chloride,*C(=O)c1cc(C(=O)*)cc(C(=O)*)c1,,MEDIUM,Chemistry-based default
312,mlbl8,*Nc1cccc(NC(=O)c2cc(C(=O)O)cc(C(=O)N*)c2)c1,"[""Polyamide""]",10.1002/adma.201302030,2013,1.69,m-Phenylenediamine,*Nc1cccc(N*)c1,Trimesoyl chloride,*C(=O)c1cc(C(=O)*)cc(C(=O)*)c1,,MEDIUM,Chemistry-based default
313,mlbl10,*Nc1cccc(NC(=O)c2cc(C(=O)O)cc(C(=O)N*)c2)c1,"[""Polyamide""]",10.1002/adma.201302030,2013,1.57,m-Phenylenediamine,*Nc1cccc(N*)c1,Trimesoyl chloride,*C(=O)c1cc(C(=O)*)cc(C(=O)*)c1,,MEDIUM,Chemistry-based default
314,mlbl12,*Nc1cccc(NC(=O)c2cc(C(=O)O)cc(C(=O)N*)c2)c1,"[""Polyamide""]",10.1002/adma.201302030,2013,1.55,m-Phenylenediamine,*Nc1cccc(N*)c1,Trimesoyl chloride,*C(=O)c1cc(C(=O)*)cc(C(=O)*)c1,,MEDIUM,Chemistry-based default
315,mlbl15,*Nc1cccc(NC(=O)c2cc(C(=O)O)cc(C(=O)N*)c2)c1,"[""Polyamide""]",10.1002/adma.201302030,2013,1.52,m-Phenylenediamine,*Nc1cccc(N*)c1,Trimesoyl chloride,*C(=O)c1cc(C(=O)*)cc(C(=O)*)c1,,MEDIUM,Chemistry-based default
320,TFC,*Nc1cccc(NC(=O)c2cc(C(=O)O)cc(C(=O)N*)c2)c1,"[""Polyamide""]",10.1016/j.cej.2015.06.035,2015,1.12,m-Phenylenediamine,*Nc1cccc(N*)c1,Trimesoyl chloride,*C(=O)c1cc(C(=O)*)cc(C(=O)*)c1,,MEDIUM,Chemistry-based default
321,TFN-0.01,*Nc1cccc(NC(=O)c2cc(C(=O)O)cc(C(=O)N*)c2)c1,"[""Polyamide"",""Other""]",10.1016/j.cej.2015.06.035,2015,1.69,m-Phenylenediamine,*Nc1cccc(N*)c1,Trimesoyl chloride,*C(=O)c1cc(C(=O)*)cc(C(=O)*)c1,,MEDIUM,Chemistry-based default
322,TFN-0.1,*Nc1cccc(NC(=O)c2cc(C(=O)O)cc(C(=O)N*)c2)c1,"[""Polyamide"",""Other""]",10.1016/j.cej.2015.06.035,2015,3.82,m-Phenylenediamine,*Nc1cccc(N*)c1,Trimesoyl chloride,*C(=O)c1cc(C(=O)*)cc(C(=O)*)c1,,MEDIUM,Chemistry-based default
323,TFN-0.05,*Nc1cccc(NC(=O)c2cc(C(=O)O)cc(C(=O)N*)c2)c1,"[""Polyamide"",""Other""]",10.1016/j.cej.2015.06.035,2015,2.39,m-Phenylenediamine,*Nc1cccc(N*)c1,Trimesoyl chloride,*C(=O)c1cc(C(=O)*)cc(C(=O)*)c1,,MEDIUM,Chemistry-based default
324,mm-BTEC,*Nc1cccc(NC(=O)c2cc(C(=O)O)cc(C(=O)N*)c2)c1,"[""Polyamide""]",10.1016/j.memsci.2008.02.022,2008,1.76,m-Phenylenediamine,*Nc1cccc(N*)c1,Trimesoyl chloride,*C(=O)c1cc(C(=O)*)cc(C(=O)*)c1,,MEDIUM,Chemistry-based default
325,om-BTEC,*Nc1cccc(NC(=O)c2cc(C(=O)O)cc(C(=O)N*)c2)c1,"[""Polyamide""]",10.1016/j.memsci.2008.02.022,2008,2.85,m-Phenylenediamine,*Nc1cccc(N*)c1,Trimesoyl chloride,*C(=O)c1cc(C(=O)*)cc(C(=O)*)c1,,MEDIUM,Chemistry-based default
326,op-BTEC,*Nc1cccc(NC(=O)c2cc(C(=O)O)cc(C(=O)N*)c2)c1,"[""Polyamide""]",10.1016/j.memsci.2008.02.022,2008,3.1,m-Phenylenediamine,*Nc1cccc(N*)c1,Trimesoyl chloride,*C(=O)c1cc(C(=O)*)cc(C(=O)*)c1,,MEDIUM,Chemistry-based default
327,IP-control,*Nc1cccc(NC(=O)c2cc(C(=O)O)cc(C(=O)N*)c2)c1,"[""Polyamide""]",10.1016/j.memsci.2010.06.022,2010,2.18,m-Phenylenediamine,*Nc1cccc(N*)c1,Trimesoyl chloride,*C(=O)c1cc(C(=O)*)cc(C(=O)*)c1,,MEDIUM,Chemistry-based default
328,CAIP-1%,*Nc1cccc(NC(=O)c2cc(C(=O)O)cc(C(=O)N*)c2)c1,"[""Polyamide""]",10.1016/j.memsci.2010.06.022,2010,5.26,m-Phenylenediamine,*Nc1cccc(N*)c1,Trimesoyl chloride,*C(=O)c1cc(C(=O)*)cc(C(=O)*)c1,,MEDIUM,Chemistry-based default
329,CAIP-1.75%,*Nc1cccc(NC(=O)c2cc(C(=O)O)cc(C(=O)N*)c2)c1,"[""Polyamide""]",10.1016/j.memsci.2010.06.022,2010,11.07,m-Phenylenediamine,*Nc1cccc(N*)c1,Trimesoyl chloride,*C(=O)c1cc(C(=O)*)cc(C(=O)*)c1,,MEDIUM,Chemistry-based default
330,CAIP-1.5%,*Nc1cccc(NC(=O)c2cc(C(=O)O)cc(C(=O)N*)c2)c1,"[""Polyamide""]",10.1016/j.memsci.2010.06.022,2010,9.08,m-Phenylenediamine,*Nc1cccc(N*)c1,Trimesoyl chloride,*C(=O)c1cc(C(=O)*)cc(C(=O)*)c1,,MEDIUM,Chemistry-based default
331,CAIP-2%,*Nc1cccc(NC(=O)c2cc(C(=O)O)cc(C(=O)N*)c2)c1,"[""Polyamide""]",10.1016/j.memsci.2010.06.022,2010,10.85,m-Phenylenediamine,*Nc1cccc(N*)c1,Trimesoyl chloride,*C(=O)c1cc(C(=O)*)cc(C(=O)*)c1,,MEDIUM,Chemistry-based default
332,CAIP-2.5%,*Nc1cccc(NC(=O)c2cc(C(=O)O)cc(C(=O)N*)c2)c1,"[""Polyamide""]",10.1016/j.memsci.2010.06.022,2010,11.24,m-Phenylenediamine,*Nc1cccc(N*)c1,Trimesoyl chloride,*C(=O)c1cc(C(=O)*)cc(C(=O)*)c1,,MEDIUM,Chemistry-based default
333,CAIP-3%,*Nc1cccc(NC(=O)c2cc(C(=O)O)cc(C(=O)N*)c2)c1,"[""Polyamide""]",10.1016/j.memsci.2010.06.022,2010,12,m-Phenylenediamine,*Nc1cccc(N*)c1,Trimesoyl chloride,*C(=O)c1cc(C(=O)*)cc(C(=O)*)c1,,MEDIUM,Chemistry-based default
334,CAIP-5%,*Nc1cccc(NC(=O)c2cc(C(=O)O)cc(C(=O)N*)c2)c1,"[""Polyamide""]",10.1016/j.memsci.2010.06.022,2010,15.32,m-Phenylenediamine,*Nc1cccc(N*)c1,Trimesoyl chloride,*C(=O)c1cc(C(=O)*)cc(C(=O)*)c1,,MEDIUM,Chemistry-based default
335,"1;0,5 w/v%",*Nc1cccc(NC(=O)c2cc(C(=O)O)cc(C(=O)N*)c2)c1,"[""Polyamide""]",10.1016/j.memsci.2011.07.034,2011,1.34,m-Phenylenediamine,*Nc1cccc(N*)c1,Trimesoyl chloride,*C(=O)c1cc(C(=O)*)cc(C(=O)*)c1,,MEDIUM,Chemistry-based default
336,"0,5;0,5 w/v%",*Nc1cccc(NC(=O)c2cc(C(=O)O)cc(C(=O)N*)c2)c1,"[""Polyamide""]",10.1016/j.memsci.2011.07.034,2011,5.91,m-Phenylenediamine,*Nc1cccc(N*)c1,Trimesoyl chloride,*C(=O)c1cc(C(=O)*)cc(C(=O)*)c1,,MEDIUM,Chemistry-based default
338,"2;0,5 w/v%",*Nc1cccc(NC(=O)c2cc(C(=O)O)cc(C(=O)N*)c2)c1,"[""Polyamide""]",10.1016/j.memsci.2011.07.034,2011,0.87,m-Phenylenediamine,*Nc1cccc(N*)c1,Trimesoyl chloride,*C(=O)c1cc(C(=O)*)cc(C(=O)*)c1,,MEDIUM,Chemistry-based default
339,"1;0,05 w/v%",*Nc1cccc(NC(=O)c2cc(C(=O)O)cc(C(=O)N*)c2)c1,"[""Polyamide""]",10.1016/j.memsci.2011.07.034,2011,1.31,m-Phenylenediamine,*Nc1cccc(N*)c1,Trimesoyl chloride,*C(=O)c1cc(C(=O)*)cc(C(=O)*)c1,,MEDIUM,Chemistry-based default
340,"1;0,1 w/v%",*Nc1cccc(NC(=O)c2cc(C(=O)O)cc(C(=O)N*)c2)c1,"[""Polyamide""]",10.1016/j.memsci.2011.07.034,2011,1.22,m-Phenylenediamine,*Nc1cccc(N*)c1,Trimesoyl chloride,*C(=O)c1cc(C(=O)*)cc(C(=O)*)c1,,MEDIUM,Chemistry-based default
341,"1;0,5 w/v%",*Nc1cccc(NC(=O)c2cc(C(=O)O)cc(C(=O)N*)c2)c1,"[""Polyamide""]",10.1016/j.memsci.2011.07.034,2011,1.36,m-Phenylenediamine,*Nc1cccc(N*)c1,Trimesoyl chloride,*C(=O)c1cc(C(=O)*)cc(C(=O)*)c1,,MEDIUM,Chemistry-based default
342,1;1 w/v%,*Nc1cccc(NC(=O)c2cc(C(=O)O)cc(C(=O)N*)c2)c1,"[""Polyamide""]",10.1016/j.memsci.2011.07.034,2011,1.89,m-Phenylenediamine,*Nc1cccc(N*)c1,Trimesoyl chloride,*C(=O)c1cc(C(=O)*)cc(C(=O)*)c1,,MEDIUM,Chemistry-based default
343,TFC-R,*Nc1cccc(NC(=O)c2cc(C(=O)O)cc(C(=O)N*)c2)c1,"[""Polyamide""]",10.1016/j.memsci.2012.08.053,2013,3.46,m-Phenylenediamine,*Nc1cccc(N*)c1,Trimesoyl chloride,*C(=O)c1cc(C(=O)*)cc(C(=O)*)c1,,MEDIUM,Chemistry-based default
344,IP,*Nc1cccc(NC(=O)c2cc(C(=O)O)cc(C(=O)N*)c2)c1,"[""Polyamide""]",10.1016/j.memsci.2015.04.015,2015,0.84,m-Phenylenediamine,*Nc1cccc(N*)c1,Trimesoyl chloride,*C(=O)c1cc(C(=O)*)cc(C(=O)*)c1,,MEDIUM,Chemistry-based default
345,mlbl-0,*Nc1cccc(NC(=O)c2cc(C(=O)O)cc(C(=O)N*)c2)c1,"[""Polyamide""]",10.1016/j.memsci.2015.04.015,2015,8.53,m-Phenylenediamine,*Nc1cccc(N*)c1,Trimesoyl chloride,*C(=O)c1cc(C(=O)*)cc(C(=O)*)c1,,MEDIUM,Chemistry-based default
346,mlbl-5,*Nc1cccc(NC(=O)c2cc(C(=O)O)cc(C(=O)N*)c2)c1,"[""Polyamide""]",10.1016/j.memsci.2015.04.015,2015,4.78,m-Phenylenediamine,*Nc1cccc(N*)c1,Trimesoyl chloride,*C(=O)c1cc(C(=O)*)cc(C(=O)*)c1,,MEDIUM,Chemistry-based default
347,mlbl-8,*Nc1cccc(NC(=O)c2cc(C(=O)O)cc(C(=O)N*)c2)c1,"[""Polyamide""]",10.1016/j.memsci.2015.04.015,2015,3.53,m-Phenylenediamine,*Nc1cccc(N*)c1,Trimesoyl chloride,*C(=O)c1cc(C(=O)*)cc(C(=O)*)c1,,MEDIUM,Chemistry-based default
348,mlbl-10,*Nc1cccc(NC(=O)c2cc(C(=O)O)cc(C(=O)N*)c2)c1,"[""Polyamide""]",10.1016/j.memsci.2015.04.015,2015,2.72,m-Phenylenediamine,*Nc1cccc(N*)c1,Trimesoyl chloride,*C(=O)c1cc(C(=O)*)cc(C(=O)*)c1,,MEDIUM,Chemistry-based default
349,mlbl-12,*Nc1cccc(NC(=O)c2cc(C(=O)O)cc(C(=O)N*)c2)c1,"[""Polyamide""]",10.1016/j.memsci.2015.04.015,2015,1.92,m-Phenylenediamine,*Nc1cccc(N*)c1,Trimesoyl chloride,*C(=O)c1cc(C(=O)*)cc(C(=O)*)c1,,MEDIUM,Chemistry-based default
350,SWC5-MAX,*Nc1cccc(NC(=O)c2cc(C(=O)O)cc(C(=O)N*)c2)c1,"[""Polyamide""]",https://membranes.com/wp-content/uploads/Documents/Element-Specification-Sheets/RO/SWC/SWC5-MAX.pdf,2019,2.17,m-Phenylenediamine,*Nc1cccc(N*)c1,Trimesoyl chloride,*C(=O)c1cc(C(=O)*)cc(C(=O)*)c1,,MEDIUM,Chemistry-based default
351,SWC5-LD-4040,*Nc1cccc(NC(=O)c2cc(C(=O)O)cc(C(=O)N*)c2)c1,"[""Polyamide""]",https://membranes.com/wp-content/uploads/Documents/Element-Specification-Sheets/RO/SWC/SWC5-LD-4040.pdf,2021,2.05,m-Phenylenediamine,*Nc1cccc(N*)c1,Trimesoyl chloride,*C(=O)c1cc(C(=O)*)cc(C(=O)*)c1,,MEDIUM,Chemistry-based default
352,SWC5-LD,*Nc1cccc(NC(=O)c2cc(C(=O)O)cc(C(=O)N*)c2)c1,"[""Polyamide""]",https://membranes.com/wp-content/uploads/Documents/Element-Specification-Sheets/RO/SWC/SWC5-LD.pdf,2019,2.17,m-Phenylenediamine,*Nc1cccc(N*)c1,Trimesoyl chloride,*C(=O)c1cc(C(=O)*)cc(C(=O)*)c1,,MEDIUM,Chemistry-based default
353,Control,*Nc1cccc(NC(=O)c2cc(C(=O)O)cc(C(=O)N*)c2)c1,"[""Polyamide""]",10.1016/j.cej.2013.09.081,2014,1.83,m-Phenylenediamine,*Nc1cccc(N*)c1,Trimesoyl chloride,*C(=O)c1cc(C(=O)*)cc(C(=O)*)c1,,MEDIUM,Chemistry-based default
354,TFN-0.5,*Nc1cccc(NC(=O)c2cc(C(=O)O)cc(C(=O)N*)c2)c1,"[""Polyamide"",""Other""]",10.1016/j.cej.2013.09.081,2014,3.14,m-Phenylenediamine,*Nc1cccc(N*)c1,Trimesoyl chloride,*C(=O)c1cc(C(=O)*)cc(C(=O)*)c1,,MEDIUM,Chemistry-based default
357,Control-TFC,*Nc1cccc(NC(=O)c2cc(C(=O)O)cc(C(=O)N*)c2)c1,"[""Polyamide""]",10.1016/j.memsci.2012.08.049,2013,9.08,m-Phenylenediamine,*Nc1cccc(N*)c1,Trimesoyl chloride,*C(=O)c1cc(C(=O)*)cc(C(=O)*)c1,,MEDIUM,Chemistry-based default
358,TFC-PDA-25min,*Nc1cccc(NC(=O)c2cc(C(=O)O)cc(C(=O)N*)c2)c1,"[""Polyamide""]",10.1016/j.memsci.2012.08.049,2013,8.77,m-Phenylenediamine,*Nc1cccc(N*)c1,Trimesoyl chloride,*C(=O)c1cc(C(=O)*)cc(C(=O)*)c1,,MEDIUM,Chemistry-based default
359,TFC-PDA-60min,*Nc1cccc(NC(=O)c2cc(C(=O)O)cc(C(=O)N*)c2)c1,"[""Polyamide""]",10.1016/j.memsci.2012.08.049,2013,7.99,m-Phenylenediamine,*Nc1cccc(N*)c1,Trimesoyl chloride,*C(=O)c1cc(C(=O)*)cc(C(=O)*)c1,,MEDIUM,Chemistry-based default
360,TFC-PDA-120min,*Nc1cccc(NC(=O)c2cc(C(=O)O)cc(C(=O)N*)c2)c1,"[""Polyamide""]",10.1016/j.memsci.2012.08.049,2013,7.61,m-Phenylenediamine,*Nc1cccc(N*)c1,Trimesoyl chloride,*C(=O)c1cc(C(=O)*)cc(C(=O)*)c1,,MEDIUM,Chemistry-based default
361,TFC-PDA-0.1g/L,*Nc1cccc(NC(=O)c2cc(C(=O)O)cc(C(=O)N*)c2)c1,"[""Polyamide""]",10.1016/j.memsci.2012.08.049,2013,8.58,m-Phenylenediamine,*Nc1cccc(N*)c1,Trimesoyl chloride,*C(=O)c1cc(C(=O)*)cc(C(=O)*)c1,,MEDIUM,Chemistry-based default
362,TFC-PDA-0.5g/L,*Nc1cccc(NC(=O)c2cc(C(=O)O)cc(C(=O)N*)c2)c1,"[""Polyamide""]",10.1016/j.memsci.2012.08.049,2013,8.2,m-Phenylenediamine,*Nc1cccc(N*)c1,Trimesoyl chloride,*C(=O)c1cc(C(=O)*)cc(C(=O)*)c1,,MEDIUM,Chemistry-based default
363,TFC-PDA-2g/L,*Nc1cccc(NC(=O)c2cc(C(=O)O)cc(C(=O)N*)c2)c1,"[""Polyamide""]",10.1016/j.memsci.2012.08.049,2013,7.99,m-Phenylenediamine,*Nc1cccc(N*)c1,Trimesoyl chloride,*C(=O)c1cc(C(=O)*)cc(C(=O)*)c1,,MEDIUM,Chemistry-based default
364,TFC-PDA-4g/L,*Nc1cccc(NC(=O)c2cc(C(=O)O)cc(C(=O)N*)c2)c1,"[""Polyamide""]",10.1016/j.memsci.2012.08.049,2013,7.95,m-Phenylenediamine,*Nc1cccc(N*)c1,Trimesoyl chloride,*C(=O)c1cc(C(=O)*)cc(C(=O)*)c1,,MEDIUM,Chemistry-based default
365,TFC-PDA-8g/L,*Nc1cccc(NC(=O)c2cc(C(=O)O)cc(C(=O)N*)c2)c1,"[""Polyamide""]",10.1016/j.memsci.2012.08.049,2013,7.76,m-Phenylenediamine,*Nc1cccc(N*)c1,Trimesoyl chloride,*C(=O)c1cc(C(=O)*)cc(C(=O)*)c1,,MEDIUM,Chemistry-based default
366,TFC-PDA-Tris-pH=5,*Nc1cccc(NC(=O)c2cc(C(=O)O)cc(C(=O)N*)c2)c1,"[""Polyamide""]",10.1016/j.memsci.2012.08.049,2013,9.04,m-Phenylenediamine,*Nc1cccc(N*)c1,Trimesoyl chloride,*C(=O)c1cc(C(=O)*)cc(C(=O)*)c1,,MEDIUM,Chemistry-based default
367,TFC-PDA-Tris-pH=11,*Nc1cccc(NC(=O)c2cc(C(=O)O)cc(C(=O)N*)c2)c1,"[""Polyamide""]",10.1016/j.memsci.2012.08.049,2013,7.05,m-Phenylenediamine,*Nc1cccc(N*)c1,Trimesoyl chloride,*C(=O)c1cc(C(=O)*)cc(C(=O)*)c1,,MEDIUM,Chemistry-based default
368,Control-TFC,*Nc1cccc(NC(=O)c2cc(C(=O)O)cc(C(=O)N*)c2)c1,"[""Polyamide""]",10.1016/j.desal.2019.04.029,2019,1.82,m-Phenylenediamine,*Nc1cccc(N*)c1,Trimesoyl chloride,*C(=O)c1cc(C(=O)*)cc(C(=O)*)c1,,MEDIUM,Chemistry-based default
369,TFN-10mg/L,*Nc1cccc(NC(=O)c2cc(C(=O)O)cc(C(=O)N*)c2)c1,"[""Polyamide"",""Graphene oxide""]",10.1016/j.desal.2019.04.029,2019,2.01,m-Phenylenediamine,*Nc1cccc(N*)c1,Trimesoyl chloride,*C(=O)c1cc(C(=O)*)cc(C(=O)*)c1,,MEDIUM,Chemistry-based default
370,TFN-20mg/L,*Nc1cccc(NC(=O)c2cc(C(=O)O)cc(C(=O)N*)c2)c1,"[""Polyamide"",""Graphene oxide""]",10.1016/j.desal.2019.04.029,2019,2.3,m-Phenylenediamine,*Nc1cccc(N*)c1,Trimesoyl chloride,*C(=O)c1cc(C(=O)*)cc(C(=O)*)c1,,MEDIUM,Chemistry-based default
371,TFN-50mg/L,*Nc1cccc(NC(=O)c2cc(C(=O)O)cc(C(=O)N*)c2)c1,"[""Polyamide"",""Graphene oxide""]",10.1016/j.desal.2019.04.029,2019,2.87,m-Phenylenediamine,*Nc1cccc(N*)c1,Trimesoyl chloride,*C(=O)c1cc(C(=O)*)cc(C(=O)*)c1,,MEDIUM,Chemistry-based default
372,TFN-100mg/L,*Nc1cccc(NC(=O)c2cc(C(=O)O)cc(C(=O)N*)c2)c1,"[""Polyamide"",""Graphene oxide""]",10.1016/j.desal.2019.04.029,2019,2.94,m-Phenylenediamine,*Nc1cccc(N*)c1,Trimesoyl chloride,*C(=O)c1cc(C(=O)*)cc(C(=O)*)c1,,MEDIUM,Chemistry-based default
373,Control-TFC,*Nc1cccc(NC(=O)c2cc(C(=O)O)cc(C(=O)N*)c2)c1,"[""Polyamide""]",10.1016/j.desal.2016.06.009,2017,2.28,m-Phenylenediamine,*Nc1cccc(N*)c1,Trimesoyl chloride,*C(=O)c1cc(C(=O)*)cc(C(=O)*)c1,,HIGH,Reise 2017 - Plasma treatment of standard PA-TFC
374,TFC-Water-10W-1min,*Nc1cccc(NC(=O)c2cc(C(=O)O)cc(C(=O)N*)c2)c1,"[""Polyamide""]",10.1016/j.desal.2016.06.009,2017,1.88,m-Phenylenediamine,*Nc1cccc(N*)c1,Trimesoyl chloride,*C(=O)c1cc(C(=O)*)cc(C(=O)*)c1,,HIGH,Reise 2017 - Plasma treatment of standard PA-TFC
375,TFC-Water-10W-2min,*Nc1cccc(NC(=O)c2cc(C(=O)O)cc(C(=O)N*)c2)c1,"[""Polyamide""]",10.1016/j.desal.2016.06.009,2017,2.08,m-Phenylenediamine,*Nc1cccc(N*)c1,Trimesoyl chloride,*C(=O)c1cc(C(=O)*)cc(C(=O)*)c1,,HIGH,Reise 2017 - Plasma treatment of standard PA-TFC
376,TFC-Water-10W-5min,*Nc1cccc(NC(=O)c2cc(C(=O)O)cc(C(=O)N*)c2)c1,"[""Polyamide""]",10.1016/j.desal.2016.06.009,2017,1.98,m-Phenylenediamine,*Nc1cccc(N*)c1,Trimesoyl chloride,*C(=O)c1cc(C(=O)*)cc(C(=O)*)c1,,HIGH,Reise 2017 - Plasma treatment of standard PA-TFC
377,TFC-Water-80W-1min,*Nc1cccc(NC(=O)c2cc(C(=O)O)cc(C(=O)N*)c2)c1,"[""Polyamide""]",10.1016/j.desal.2016.06.009,2017,0.77,m-Phenylenediamine,*Nc1cccc(N*)c1,Trimesoyl chloride,*C(=O)c1cc(C(=O)*)cc(C(=O)*)c1,,HIGH,Reise 2017 - Plasma treatment of standard PA-TFC
378,TFC-Water-80W-2min,*Nc1cccc(NC(=O)c2cc(C(=O)O)cc(C(=O)N*)c2)c1,"[""Polyamide""]",10.1016/j.desal.2016.06.009,2017,1.08,m-Phenylenediamine,*Nc1cccc(N*)c1,Trimesoyl chloride,*C(=O)c1cc(C(=O)*)cc(C(=O)*)c1,,HIGH,Reise 2017 - Plasma treatment of standard PA-TFC
379,TFC-Water-80W-5min,*Nc1cccc(NC(=O)c2cc(C(=O)O)cc(C(=O)N*)c2)c1,"[""Polyamide""]",10.1016/j.desal.2016.06.009,2017,1.61,m-Phenylenediamine,*Nc1cccc(N*)c1,Trimesoyl chloride,*C(=O)c1cc(C(=O)*)cc(C(=O)*)c1,,HIGH,Reise 2017 - Plasma treatment of standard PA-TFC
380,TFC-Helium-10W-1min,*Nc1cccc(NC(=O)c2cc(C(=O)O)cc(C(=O)N*)c2)c1,"[""Polyamide""]",10.1016/j.desal.2016.06.009,2017,2.66,m-Phenylenediamine,*Nc1cccc(N*)c1,Trimesoyl chloride,*C(=O)c1cc(C(=O)*)cc(C(=O)*)c1,,HIGH,Reise 2017 - Plasma treatment of standard PA-TFC
381,TFC-Helium-10W-2min,*Nc1cccc(NC(=O)c2cc(C(=O)O)cc(C(=O)N*)c2)c1,"[""Polyamide""]",10.1016/j.desal.2016.06.009,2017,2.71,m-Phenylenediamine,*Nc1cccc(N*)c1,Trimesoyl chloride,*C(=O)c1cc(C(=O)*)cc(C(=O)*)c1,,HIGH,Reise 2017 - Plasma treatment of standard PA-TFC
382,TFC-Helium-10W-5min,*Nc1cccc(NC(=O)c2cc(C(=O)O)cc(C(=O)N*)c2)c1,"[""Polyamide""]",10.1016/j.desal.2016.06.009,2017,3.93,m-Phenylenediamine,*Nc1cccc(N*)c1,Trimesoyl chloride,*C(=O)c1cc(C(=O)*)cc(C(=O)*)c1,,HIGH,Reise 2017 - Plasma treatment of standard PA-TFC
383,TFC-Helium-80W-1min,*Nc1cccc(NC(=O)c2cc(C(=O)O)cc(C(=O)N*)c2)c1,"[""Polyamide""]",10.1016/j.desal.2016.06.009,2017,0.66,m-Phenylenediamine,*Nc1cccc(N*)c1,Trimesoyl chloride,*C(=O)c1cc(C(=O)*)cc(C(=O)*)c1,,HIGH,Reise 2017 - Plasma treatment of standard PA-TFC
384,TFC-Helium-80W-2min,*Nc1cccc(NC(=O)c2cc(C(=O)O)cc(C(=O)N*)c2)c1,"[""Polyamide""]",10.1016/j.desal.2016.06.009,2017,1.03,m-Phenylenediamine,*Nc1cccc(N*)c1,Trimesoyl chloride,*C(=O)c1cc(C(=O)*)cc(C(=O)*)c1,,HIGH,Reise 2017 - Plasma treatment of standard PA-TFC
385,TFC-Helium-80W-5min,*Nc1cccc(NC(=O)c2cc(C(=O)O)cc(C(=O)N*)c2)c1,"[""Polyamide""]",10.1016/j.desal.2016.06.009,2017,1.45,m-Phenylenediamine,*Nc1cccc(N*)c1,Trimesoyl chloride,*C(=O)c1cc(C(=O)*)cc(C(=O)*)c1,,HIGH,Reise 2017 - Plasma treatment of standard PA-TFC
386,TFC#C,*Nc1cccc(NC(=O)c2cc(C(=O)O)cc(C(=O)N*)c2)c1,"[""Polyamide""]",10.1016/j.desal.2016.04.003,2017,2.2,m-Phenylenediamine,*Nc1cccc(N*)c1,Trimesoyl chloride,*C(=O)c1cc(C(=O)*)cc(C(=O)*)c1,,MEDIUM,Chemistry-based default
387,TFN#1,*Nc1cccc(NC(=O)c2cc(C(=O)O)cc(C(=O)N*)c2)c1,"[""Polyamide""]",10.1016/j.desal.2016.04.003,2017,2.31,m-Phenylenediamine,*Nc1cccc(N*)c1,Trimesoyl chloride,*C(=O)c1cc(C(=O)*)cc(C(=O)*)c1,,MEDIUM,Chemistry-based default
388,TFN#2,*Nc1cccc(NC(=O)c2cc(C(=O)O)cc(C(=O)N*)c2)c1,"[""Polyamide""]",10.1016/j.desal.2016.04.003,2017,2.65,m-Phenylenediamine,*Nc1cccc(N*)c1,Trimesoyl chloride,*C(=O)c1cc(C(=O)*)cc(C(=O)*)c1,,MEDIUM,Chemistry-based default
389,TFN#3,*Nc1cccc(NC(=O)c2cc(C(=O)O)cc(C(=O)N*)c2)c1,"[""Polyamide""]",10.1016/j.desal.2016.04.003,2017,2.99,m-Phenylenediamine,*Nc1cccc(N*)c1,Trimesoyl chloride,*C(=O)c1cc(C(=O)*)cc(C(=O)*)c1,,MEDIUM,Chemistry-based default
394,MT-0,*Nc1cccc(NC(=O)c2cc(C(=O)O)cc(C(=O)N*)c2)c1,"[""Polyamide""]",10.1016/j.memsci.2017.04.038,2017,0.11,m-Phenylenediamine,*Nc1cccc(N*)c1,Trimesoyl chloride,*C(=O)c1cc(C(=O)*)cc(C(=O)*)c1,,MEDIUM,Chemistry-based default
395,MT-1,*Nc1cccc(NC(=O)c2cc(C(=O)O)cc(C(=O)N*)c2)c1,"[""Polyamide""]",10.1016/j.memsci.2017.04.038,2017,0.57,m-Phenylenediamine,*Nc1cccc(N*)c1,Trimesoyl chloride,*C(=O)c1cc(C(=O)*)cc(C(=O)*)c1,,MEDIUM,Chemistry-based default
396,MT-2,*Nc1cccc(NC(=O)c2cc(C(=O)O)cc(C(=O)N*)c2)c1,"[""Polyamide""]",10.1016/j.memsci.2017.04.038,2017,1.49,m-Phenylenediamine,*Nc1cccc(N*)c1,Trimesoyl chloride,*C(=O)c1cc(C(=O)*)cc(C(=O)*)c1,,MEDIUM,Chemistry-based default
397,MT-3,*Nc1cccc(NC(=O)c2cc(C(=O)O)cc(C(=O)N*)c2)c1,"[""Polyamide""]",10.1016/j.memsci.2017.04.038,2017,2.97,m-Phenylenediamine,*Nc1cccc(N*)c1,Trimesoyl chloride,*C(=O)c1cc(C(=O)*)cc(C(=O)*)c1,,MEDIUM,Chemistry-based default
398,MT-5,*Nc1cccc(NC(=O)c2cc(C(=O)O)cc(C(=O)N*)c2)c1,"[""Polyamide""]",10.1016/j.memsci.2017.04.038,2017,2.31,m-Phenylenediamine,*Nc1cccc(N*)c1,Trimesoyl chloride,*C(=O)c1cc(C(=O)*)cc(C(=O)*)c1,,MEDIUM,Chemistry-based default
399,TFC_Flat_control,*Nc1cccc(NC(=O)c2cc(C(=O)O)cc(C(=O)N*)c2)c1,"[""Polyamide""]",10.1016/j.memsci.2017.01.046,2017,0.05,m-Phenylenediamine,*Nc1cccc(N*)c1,Trimesoyl chloride,*C(=O)c1cc(C(=O)*)cc(C(=O)*)c1,,HIGH,PA-TFC study
400,TFC_Flat_A,*Nc1cccc(NC(=O)c2cc(C(=O)O)cc(C(=O)N*)c2)c1,"[""Polyamide""]",10.1016/j.memsci.2017.01.046,2017,0.04,m-Phenylenediamine,*Nc1cccc(N*)c1,Trimesoyl chloride,*C(=O)c1cc(C(=O)*)cc(C(=O)*)c1,,HIGH,PA-TFC study
401,TFC_Flat_B,*Nc1cccc(NC(=O)c2cc(C(=O)O)cc(C(=O)N*)c2)c1,"[""Polyamide""]",10.1016/j.memsci.2017.01.046,2017,0.03,m-Phenylenediamine,*Nc1cccc(N*)c1,Trimesoyl chloride,*C(=O)c1cc(C(=O)*)cc(C(=O)*)c1,,HIGH,PA-TFC study
402,TFC_PSμM_control,*Nc1cccc(NC(=O)c2cc(C(=O)O)cc(C(=O)N*)c2)c1,"[""Polyamide""]",10.1016/j.memsci.2017.01.046,2017,0.1,m-Phenylenediamine,*Nc1cccc(N*)c1,Trimesoyl chloride,*C(=O)c1cc(C(=O)*)cc(C(=O)*)c1,,HIGH,PA-TFC study
403,TFC_PSμM_A,*Nc1cccc(NC(=O)c2cc(C(=O)O)cc(C(=O)N*)c2)c1,"[""Polyamide""]",10.1016/j.memsci.2017.01.046,2017,0.1,m-Phenylenediamine,*Nc1cccc(N*)c1,Trimesoyl chloride,*C(=O)c1cc(C(=O)*)cc(C(=O)*)c1,,HIGH,PA-TFC study
404,TFC_PSμM_B,*Nc1cccc(NC(=O)c2cc(C(=O)O)cc(C(=O)N*)c2)c1,"[""Polyamide""]",10.1016/j.memsci.2017.01.046,2017,0.1,m-Phenylenediamine,*Nc1cccc(N*)c1,Trimesoyl chloride,*C(=O)c1cc(C(=O)*)cc(C(=O)*)c1,,HIGH,PA-TFC study
405,TFC_MIL_control,*Nc1cccc(NC(=O)c2cc(C(=O)O)cc(C(=O)N*)c2)c1,"[""Polyamide""]",10.1016/j.memsci.2017.01.046,2017,0.11,m-Phenylenediamine,*Nc1cccc(N*)c1,Trimesoyl chloride,*C(=O)c1cc(C(=O)*)cc(C(=O)*)c1,,HIGH,PA-TFC study
406,TFC_MIL_A,*Nc1cccc(NC(=O)c2cc(C(=O)O)cc(C(=O)N*)c2)c1,"[""Polyamide""]",10.1016/j.memsci.2017.01.046,2017,0.11,m-Phenylenediamine,*Nc1cccc(N*)c1,Trimesoyl chloride,*C(=O)c1cc(C(=O)*)cc(C(=O)*)c1,,HIGH,PA-TFC study
407,TFC_MIL_B,*Nc1cccc(NC(=O)c2cc(C(=O)O)cc(C(=O)N*)c2)c1,"[""Polyamide""]",10.1016/j.memsci.2017.01.046,2017,1.6,m-Phenylenediamine,*Nc1cccc(N*)c1,Trimesoyl chloride,*C(=O)c1cc(C(=O)*)cc(C(=O)*)c1,,HIGH,PA-TFC study
408,TFC_Flat,*Nc1cccc(NC(=O)c2cc(C(=O)O)cc(C(=O)N*)c2)c1,"[""Polyamide""]",10.1016/j.memsci.2017.01.046,2017,0.31,m-Phenylenediamine,*Nc1cccc(N*)c1,Trimesoyl chloride,*C(=O)c1cc(C(=O)*)cc(C(=O)*)c1,,HIGH,PA-TFC study
409,TFC_PSμM (||),*Nc1cccc(NC(=O)c2cc(C(=O)O)cc(C(=O)N*)c2)c1,"[""Polyamide""]",10.1016/j.memsci.2017.01.046,2017,1.35,m-Phenylenediamine,*Nc1cccc(N*)c1,Trimesoyl chloride,*C(=O)c1cc(C(=O)*)cc(C(=O)*)c1,,HIGH,PA-TFC study
410,TFC_PSμM (⊥),*Nc1cccc(NC(=O)c2cc(C(=O)O)cc(C(=O)N*)c2)c1,"[""Polyamide""]",10.1016/j.memsci.2017.01.046,2017,0.88,m-Phenylenediamine,*Nc1cccc(N*)c1,Trimesoyl chloride,*C(=O)c1cc(C(=O)*)cc(C(=O)*)c1,,HIGH,PA-TFC study
411,TFC_MIL (||),*Nc1cccc(NC(=O)c2cc(C(=O)O)cc(C(=O)N*)c2)c1,"[""Polyamide""]",10.1016/j.memsci.2017.01.046,2017,1.54,m-Phenylenediamine,*Nc1cccc(N*)c1,Trimesoyl chloride,*C(=O)c1cc(C(=O)*)cc(C(=O)*)c1,,HIGH,PA-TFC study
412,TFC_MIL (⊥),*Nc1cccc(NC(=O)c2cc(C(=O)O)cc(C(=O)N*)c2)c1,"[""Polyamide""]",10.1016/j.memsci.2017.01.046,2017,0.85,m-Phenylenediamine,*Nc1cccc(N*)c1,Trimesoyl chloride,*C(=O)c1cc(C(=O)*)cc(C(=O)*)c1,,HIGH,PA-TFC study
413,4040-BW,*Nc1cccc(NC(=O)c2cc(C(=O)O)cc(C(=O)N*)c2)c1,"[""Polyamide""]",https://www.microdyn-nadir.com/wp-content/uploads/MICRODYN-RO-BW.pdf,2020,3.59,m-Phenylenediamine,*Nc1cccc(N*)c1,Trimesoyl chloride,*C(=O)c1cc(C(=O)*)cc(C(=O)*)c1,,MEDIUM,Chemistry-based default
414,4040-LE,*Nc1cccc(NC(=O)c2cc(C(=O)O)cc(C(=O)N*)c2)c1,"[""Polyamide""]",https://www.microdyn-nadir.com/wp-content/uploads/MICRODYN-RO-LE.pdf,2020,5.12,m-Phenylenediamine,*Nc1cccc(N*)c1,Trimesoyl chloride,*C(=O)c1cc(C(=O)*)cc(C(=O)*)c1,,MEDIUM,Chemistry-based default
415,4040-FR,*Nc1cccc(NC(=O)c2cc(C(=O)O)cc(C(=O)N*)c2)c1,"[""Polyamide""]",https://www.microdyn-nadir.com/wp-content/uploads/MICRODYN-RO-FR.pdf,2020,3.3,m-Phenylenediamine,*Nc1cccc(N*)c1,Trimesoyl chloride,*C(=O)c1cc(C(=O)*)cc(C(=O)*)c1,,MEDIUM,Chemistry-based default
416,4040-XLE,*Nc1cccc(NC(=O)c2cc(C(=O)O)cc(C(=O)N*)c2)c1,"[""Polyamide""]",https://www.microdyn-nadir.com/wp-content/uploads/MICRODYN-RO-XLE.pdf,2020,8.24,m-Phenylenediamine,*Nc1cccc(N*)c1,Trimesoyl chloride,*C(=O)c1cc(C(=O)*)cc(C(=O)*)c1,,MEDIUM,Chemistry-based default
417,4040-SWH,*Nc1cccc(NC(=O)c2cc(C(=O)O)cc(C(=O)N*)c2)c1,"[""Polyamide""]",https://www.microdyn-nadir.com/wp-content/uploads/MICRODYN-RO-SWH.pdf,2021,1.76,m-Phenylenediamine,*Nc1cccc(N*)c1,Trimesoyl chloride,*C(=O)c1cc(C(=O)*)cc(C(=O)*)c1,,MEDIUM,Chemistry-based default
418,8040-SWH-400,*Nc1cccc(NC(=O)c2cc(C(=O)O)cc(C(=O)N*)c2)c1,"[""Polyamide""]",https://www.microdyn-nadir.com/wp-content/uploads/MICRODYN-RO-SWH.pdf,2021,1.16,m-Phenylenediamine,*Nc1cccc(N*)c1,Trimesoyl chloride,*C(=O)c1cc(C(=O)*)cc(C(=O)*)c1,,MEDIUM,Chemistry-based default
419,4040-SWL,*Nc1cccc(NC(=O)c2cc(C(=O)O)cc(C(=O)N*)c2)c1,"[""Polyamide""]",https://www.microdyn-nadir.com/wp-content/uploads/MICRODYN-RO-SWL.pdf,2021,2.26,m-Phenylenediamine,*Nc1cccc(N*)c1,Trimesoyl chloride,*C(=O)c1cc(C(=O)*)cc(C(=O)*)c1,,MEDIUM,Chemistry-based default
420,8040-SWL-400,*Nc1cccc(NC(=O)c2cc(C(=O)O)cc(C(=O)N*)c2)c1,"[""Polyamide""]",https://www.microdyn-nadir.com/wp-content/uploads/MICRODYN-RO-SWL.pdf,2021,2.18,m-Phenylenediamine,*Nc1cccc(N*)c1,Trimesoyl chloride,*C(=O)c1cc(C(=O)*)cc(C(=O)*)c1,,MEDIUM,Chemistry-based default
421,4040-HRLE,*Nc1cccc(NC(=O)c2cc(C(=O)O)cc(C(=O)N*)c2)c1,"[""Polyamide""]",https://www.microdyn-nadir.com/wp-content/uploads/MICRODYN-RO-HRLE.pdf,2020,4.86,m-Phenylenediamine,*Nc1cccc(N*)c1,Trimesoyl chloride,*C(=O)c1cc(C(=O)*)cc(C(=O)*)c1,,MEDIUM,Chemistry-based default
422,4040-ULE,*Nc1cccc(NC(=O)c2cc(C(=O)O)cc(C(=O)N*)c2)c1,"[""Polyamide""]",https://www.microdyn-nadir.com/wp-content/uploads/MICRODYN-RO-ULE.pdf,2020,7.29,m-Phenylenediamine,*Nc1cccc(N*)c1,Trimesoyl chloride,*C(=O)c1cc(C(=O)*)cc(C(=O)*)c1,,MEDIUM,Chemistry-based default
423,4040-XRLE,*Nc1cccc(NC(=O)c2cc(C(=O)O)cc(C(=O)N*)c2)c1,"[""Polyamide""]",https://www.microdyn-nadir.com/wp-content/uploads/MICRODYN-RO-XRLE.pdf,2020,4.4,m-Phenylenediamine,*Nc1cccc(N*)c1,Trimesoyl chloride,*C(=O)c1cc(C(=O)*)cc(C(=O)*)c1,,MEDIUM,Chemistry-based default
424,TRISEP 8040-SB50-TSA,*OC[C@H]1O[C@@H](O*)[C@H](OC(=O)C)[C@@H](OC(=O)C)[C@@H]1OC(=O)C,"[""Cellulose acetate""]",https://www.microdyn-nadir.com/wp-content/uploads/SB50.pdf,2021,1.54,,,,,,HIGH,Chemistry-based default
425,TRISEP WT 8040-RO-31-FG,*Nc1cccc(NC(=O)c2cc(C(=O)O)cc(C(=O)N*)c2)c1,"[""Polyamide""]",https://www.microdyn-nadir.com/wp-content/uploads/TRISEP-WT-8040-RO-31-FG.pdf,2021,3.42,m-Phenylenediamine,*Nc1cccc(N*)c1,Trimesoyl chloride,*C(=O)c1cc(C(=O)*)cc(C(=O)*)c1,,MEDIUM,Chemistry-based default
426,TRISEP 8040-ACM2-TSA,*Nc1cccc(NC(=O)c2cc(C(=O)O)cc(C(=O)N*)c2)c1,"[""Polyamide""]",https://www.microdyn-nadir.com/wp-content/uploads/ACM2.pdf,2021,3.44,m-Phenylenediamine,*Nc1cccc(N*)c1,Trimesoyl chloride,*C(=O)c1cc(C(=O)*)cc(C(=O)*)c1,,MEDIUM,Chemistry-based default
427,TRISEP 8040-ACM3-TSA,*Nc1cccc(NC(=O)c2cc(C(=O)O)cc(C(=O)N*)c2)c1,"[""Polyamide""]",https://www.microdyn-nadir.com/wp-content/uploads/ACM3.pdf,2021,3.94,m-Phenylenediamine,*Nc1cccc(N*)c1,Trimesoyl chloride,*C(=O)c1cc(C(=O)*)cc(C(=O)*)c1,,MEDIUM,Chemistry-based default
428,TRISEP 8040-ACM4-TSA,*Nc1cccc(NC(=O)c2cc(C(=O)O)cc(C(=O)N*)c2)c1,"[""Polyamide""]",https://www.microdyn-nadir.com/wp-content/uploads/ACM4.pdf,2021,5.43,m-Phenylenediamine,*Nc1cccc(N*)c1,Trimesoyl chloride,*C(=O)c1cc(C(=O)*)cc(C(=O)*)c1,,MEDIUM,Chemistry-based default
429,TRISEP 8040-ACM5-TSFN,*Nc1cccc(NC(=O)c2cc(C(=O)O)cc(C(=O)N*)c2)c1,"[""Polyamide""]",https://www.microdyn-nadir.com/wp-content/uploads/ACM5-Drinking-Water.pdf,2020,7.18,m-Phenylenediamine,*Nc1cccc(N*)c1,Trimesoyl chloride,*C(=O)c1cc(C(=O)*)cc(C(=O)*)c1,,MEDIUM,Chemistry-based default
430,TRISEP 8040-ACMX-TSFN,*Nc1cccc(NC(=O)c2cc(C(=O)O)cc(C(=O)N*)c2)c1,"[""Polyamide""]",https://www.microdyn-nadir.com/wp-content/uploads/ACMX-Drinking-Water.pdf,2021,7.75,m-Phenylenediamine,*Nc1cccc(N*)c1,Trimesoyl chloride,*C(=O)c1cc(C(=O)*)cc(C(=O)*)c1,,MEDIUM,Chemistry-based default
431,TRISEP 8040-SB20-TSA,*OC[C@H]1O[C@@H](O*)[C@H](OC(=O)C)[C@@H](OC(=O)C)[C@@H]1OC(=O)C,"[""Cellulose acetate""]",https://www.microdyn-nadir.com/wp-content/uploads/SB20.pdf,2020,1.26,,,,,,HIGH,Chemistry-based default
432,TRISEP 8040-O3E6R1,*OC[C@H]1O[C@@H](O*)[C@H](OC(=O)C)[C@@H](OC(=O)C)[C@@H]1OC(=O)C,"[""Cellulose acetate""]",https://www.microdyn-nadir.com/wp-content/uploads/8040-O3E6R1.pdf,2021,3.09,,,,,,HIGH,Chemistry-based default
433,TRISEP 8040-O1G8R1,*OC[C@H]1O[C@@H](O*)[C@H](OC(=O)C)[C@@H](OC(=O)C)[C@@H]1OC(=O)C,"[""Cellulose acetate""]",https://www.microdyn-nadir.com/wp-content/uploads/8040-O1G8R1.pdf,2021,1.26,,,,,,HIGH,Chemistry-based default
434,TRISEP 8040-SB90-TSA,*OC[C@H]1O[C@@H](O*)[C@H](OC(=O)C)[C@@H](OC(=O)C)[C@@H]1OC(=O)C,"[""Cellulose acetate""]",https://www.microdyn-nadir.com/wp-content/uploads/SB90.pdf,2021,3.09,,,,,,HIGH,Chemistry-based default
435,SWC6-LD,*Nc1cccc(NC(=O)c2cc(C(=O)O)cc(C(=O)N*)c2)c1,"[""Polyamide""]",https://membranes.com/wp-content/uploads/Documents/Element-Specification-Sheets/RO/SWC/SWC6-LD.pdf,2021,3.04,m-Phenylenediamine,*Nc1cccc(N*)c1,Trimesoyl chloride,*C(=O)c1cc(C(=O)*)cc(C(=O)*)c1,,MEDIUM,Chemistry-based default
436,SWC6-MAX,*Nc1cccc(NC(=O)c2cc(C(=O)O)cc(C(=O)N*)c2)c1,"[""Polyamide""]",https://membranes.com/wp-content/uploads/Documents/Element-Specification-Sheets/RO/SWC/SWC6-MAX.pdf,2019,3.05,m-Phenylenediamine,*Nc1cccc(N*)c1,Trimesoyl chloride,*C(=O)c1cc(C(=O)*)cc(C(=O)*)c1,,MEDIUM,Chemistry-based default
439,TM810V,*Nc1cccc(NC(=O)c2cc(C(=O)O)cc(C(=O)N*)c2)c1,"[""Polyamide""]",https://www.water.toray/products/ro/pdf/TM800V_v0_202104.pdf,2021,2.1,m-Phenylenediamine,*Nc1cccc(N*)c1,Trimesoyl chloride,*C(=O)c1cc(C(=O)*)cc(C(=O)*)c1,,MEDIUM,Chemistry-based default
440,TM820V-400,*Nc1cccc(NC(=O)c2cc(C(=O)O)cc(C(=O)N*)c2)c1,"[""Polyamide""]",https://www.water.toray/products/ro/pdf/TM800V_v0_202104.pdf,2021,2.19,m-Phenylenediamine,*Nc1cccc(N*)c1,Trimesoyl chloride,*C(=O)c1cc(C(=O)*)cc(C(=O)*)c1,,MEDIUM,Chemistry-based default
441,TM820V-440,*Nc1cccc(NC(=O)c2cc(C(=O)O)cc(C(=O)N*)c2)c1,"[""Polyamide""]",https://www.water.toray/products/ro/pdf/TM800V_v0_202104.pdf,2021,2.16,m-Phenylenediamine,*Nc1cccc(N*)c1,Trimesoyl chloride,*C(=O)c1cc(C(=O)*)cc(C(=O)*)c1,,MEDIUM,Chemistry-based default
442,TSW-400LE,*Nc1cccc(NC(=O)c2cc(C(=O)O)cc(C(=O)N*)c2)c1,"[""Polyamide""]",https://www.water.toray/products/ro/pdf/TSWLE_v0_202104.pdf,2021,3.15,m-Phenylenediamine,*Nc1cccc(N*)c1,Trimesoyl chloride,*C(=O)c1cc(C(=O)*)cc(C(=O)*)c1,,MEDIUM,Chemistry-based default
448,TMG20D-440,*Nc1cccc(NC(=O)c2cc(C(=O)O)cc(C(=O)N*)c2)c1,"[""Polyamide""]",https://www.water.toray/products/ro/pdf/TMGD_v0_202104.pdf,2021,6.54,m-Phenylenediamine,*Nc1cccc(N*)c1,Trimesoyl chloride,*C(=O)c1cc(C(=O)*)cc(C(=O)*)c1,,MEDIUM,Chemistry-based default
449,TMH10A,*Nc1cccc(NC(=O)c2cc(C(=O)O)cc(C(=O)N*)c2)c1,"[""Polyamide""]",https://www.water.toray/products/ro/pdf/TMHA(C)_v0_202104.pdf,2021,7.54,m-Phenylenediamine,*Nc1cccc(N*)c1,Trimesoyl chloride,*C(=O)c1cc(C(=O)*)cc(C(=O)*)c1,,MEDIUM,Chemistry-based default
450,TMH20A-400C,*Nc1cccc(NC(=O)c2cc(C(=O)O)cc(C(=O)N*)c2)c1,"[""Polyamide""]",https://www.water.toray/products/ro/pdf/TMHA(C)_v0_202104.pdf,2021,7.45,m-Phenylenediamine,*Nc1cccc(N*)c1,Trimesoyl chloride,*C(=O)c1cc(C(=O)*)cc(C(=O)*)c1,,MEDIUM,Chemistry-based default
452,1% CTA/CA-RO,*OC[C@H]1O[C@@H](O*)[C@H](OC(=O)C)[C@@H](OC(=O)C)[C@@H]1OC(=O)C,"[""Cellulose acetate""]",10.1002/pen.25517,2020,0.75,,,,,,HIGH,Chemistry-based default
453,2.5% CTA/CA-RO,*OC[C@H]1O[C@@H](O*)[C@H](OC(=O)C)[C@@H](OC(=O)C)[C@@H]1OC(=O)C,"[""Cellulose acetate""]",10.1002/pen.25517,2020,0.93,,,,,,HIGH,Chemistry-based default
454,5% CTA/CA-RO,*OC[C@H]1O[C@@H](O*)[C@H](OC(=O)C)[C@@H](OC(=O)C)[C@@H]1OC(=O)C,"[""Cellulose acetate""]",10.1002/pen.25517,2020,0.88,,,,,,HIGH,Chemistry-based default
455,10% CTA/CA-RO,*OC[C@H]1O[C@@H](O*)[C@H](OC(=O)C)[C@@H](OC(=O)C)[C@@H]1OC(=O)C,"[""Cellulose acetate""]",10.1002/pen.25517,2020,1.17,,,,,,HIGH,Chemistry-based default
456,0.1% N-IPAAm CTA/CA,*OC[C@H]1O[C@@H](O*)[C@H](OC(=O)C)[C@@H](OC(=O)C)[C@@H]1OC(=O)C,"[""Cellulose acetate""]",10.1002/pen.25517,2020,1.48,,,,,,HIGH,Chemistry-based default
457,0.1:0.013 N-IPAAm/MBAAm CTA/CA,*OC[C@H]1O[C@@H](O*)[C@H](OC(=O)C)[C@@H](OC(=O)C)[C@@H]1OC(=O)C,"[""Cellulose acetate""]",10.1002/pen.25517,2020,1.5,,,,,,HIGH,Chemistry-based default
458,A.1,*Nc1cccc(NC(=O)c2cc(C(=O)O)cc(C(=O)N*)c2)c1,"[""Polyvinylalcohol""]",10.1002/app.1993.070500611,1993,3.59,m-Phenylenediamine,*Nc1cccc(N*)c1,Trimesoyl chloride,*C(=O)c1cc(C(=O)*)cc(C(=O)*)c1,,HIGH,J Appl Polym Sci - PA membrane
459,A.2,*Nc1cccc(NC(=O)c2cc(C(=O)O)cc(C(=O)N*)c2)c1,"[""Polyvinylalcohol""]",10.1002/app.1993.070500611,1993,3.63,m-Phenylenediamine,*Nc1cccc(N*)c1,Trimesoyl chloride,*C(=O)c1cc(C(=O)*)cc(C(=O)*)c1,,HIGH,J Appl Polym Sci - PA membrane
460,A.3,*Nc1cccc(NC(=O)c2cc(C(=O)O)cc(C(=O)N*)c2)c1,"[""Polyvinylalcohol""]",10.1002/app.1993.070500611,1993,3.63,m-Phenylenediamine,*Nc1cccc(N*)c1,Trimesoyl chloride,*C(=O)c1cc(C(=O)*)cc(C(=O)*)c1,,HIGH,J Appl Polym Sci - PA membrane
461,A.4,*Nc1cccc(NC(=O)c2cc(C(=O)O)cc(C(=O)N*)c2)c1,"[""Polyvinylalcohol""]",10.1002/app.1993.070500611,1993,3.61,m-Phenylenediamine,*Nc1cccc(N*)c1,Trimesoyl chloride,*C(=O)c1cc(C(=O)*)cc(C(=O)*)c1,,HIGH,J Appl Polym Sci - PA membrane
462,A.5,*Nc1cccc(NC(=O)c2cc(C(=O)O)cc(C(=O)N*)c2)c1,"[""Polyvinylalcohol""]",10.1002/app.1993.070500611,1993,3.5,m-Phenylenediamine,*Nc1cccc(N*)c1,Trimesoyl chloride,*C(=O)c1cc(C(=O)*)cc(C(=O)*)c1,,HIGH,J Appl Polym Sci - PA membrane
463,A.6,*Nc1cccc(NC(=O)c2cc(C(=O)O)cc(C(=O)N*)c2)c1,"[""Polyvinylalcohol""]",10.1002/app.1993.070500611,1993,3.55,m-Phenylenediamine,*Nc1cccc(N*)c1,Trimesoyl chloride,*C(=O)c1cc(C(=O)*)cc(C(=O)*)c1,,HIGH,J Appl Polym Sci - PA membrane
464,A.7,*Nc1cccc(NC(=O)c2cc(C(=O)O)cc(C(=O)N*)c2)c1,"[""Polyvinylalcohol""]",10.1002/app.1993.070500611,1993,3.55,m-Phenylenediamine,*Nc1cccc(N*)c1,Trimesoyl chloride,*C(=O)c1cc(C(=O)*)cc(C(=O)*)c1,,HIGH,J Appl Polym Sci - PA membrane
465,A.8,*Nc1cccc(NC(=O)c2cc(C(=O)O)cc(C(=O)N*)c2)c1,"[""Polyvinylalcohol""]",10.1002/app.1993.070500611,1993,3.46,m-Phenylenediamine,*Nc1cccc(N*)c1,Trimesoyl chloride,*C(=O)c1cc(C(=O)*)cc(C(=O)*)c1,,HIGH,J Appl Polym Sci - PA membrane
466,A.9,*Nc1cccc(NC(=O)c2cc(C(=O)O)cc(C(=O)N*)c2)c1,"[""Polyvinylalcohol""]",10.1002/app.1993.070500611,1993,2.45,m-Phenylenediamine,*Nc1cccc(N*)c1,Trimesoyl chloride,*C(=O)c1cc(C(=O)*)cc(C(=O)*)c1,,HIGH,J Appl Polym Sci - PA membrane
467,A.10,*Nc1cccc(NC(=O)c2cc(C(=O)O)cc(C(=O)N*)c2)c1,"[""Polyvinylalcohol""]",10.1002/app.1993.070500611,1993,2.44,m-Phenylenediamine,*Nc1cccc(N*)c1,Trimesoyl chloride,*C(=O)c1cc(C(=O)*)cc(C(=O)*)c1,,HIGH,J Appl Polym Sci - PA membrane
468,A.11,*Nc1cccc(NC(=O)c2cc(C(=O)O)cc(C(=O)N*)c2)c1,"[""Polyvinylalcohol""]",10.1002/app.1993.070500611,1993,2.31,m-Phenylenediamine,*Nc1cccc(N*)c1,Trimesoyl chloride,*C(=O)c1cc(C(=O)*)cc(C(=O)*)c1,,HIGH,J Appl Polym Sci - PA membrane
469,A.12,*Nc1cccc(NC(=O)c2cc(C(=O)O)cc(C(=O)N*)c2)c1,"[""Polyvinylalcohol""]",10.1002/app.1993.070500611,1993,2.43,m-Phenylenediamine,*Nc1cccc(N*)c1,Trimesoyl chloride,*C(=O)c1cc(C(=O)*)cc(C(=O)*)c1,,HIGH,J Appl Polym Sci - PA membrane
470,B.1,*Nc1cccc(NC(=O)c2cc(C(=O)O)cc(C(=O)N*)c2)c1,"[""Polyvinylalcohol""]",10.1002/app.1993.070500611,1993,3.43,m-Phenylenediamine,*Nc1cccc(N*)c1,Trimesoyl chloride,*C(=O)c1cc(C(=O)*)cc(C(=O)*)c1,,HIGH,J Appl Polym Sci - PA membrane
471,B.2,*Nc1cccc(NC(=O)c2cc(C(=O)O)cc(C(=O)N*)c2)c1,"[""Polyvinylalcohol""]",10.1002/app.1993.070500611,1993,3.53,m-Phenylenediamine,*Nc1cccc(N*)c1,Trimesoyl chloride,*C(=O)c1cc(C(=O)*)cc(C(=O)*)c1,,HIGH,J Appl Polym Sci - PA membrane
472,B.3,*Nc1cccc(NC(=O)c2cc(C(=O)O)cc(C(=O)N*)c2)c1,"[""Polyvinylalcohol""]",10.1002/app.1993.070500611,1993,3.58,m-Phenylenediamine,*Nc1cccc(N*)c1,Trimesoyl chloride,*C(=O)c1cc(C(=O)*)cc(C(=O)*)c1,,HIGH,J Appl Polym Sci - PA membrane
473,B.4,*Nc1cccc(NC(=O)c2cc(C(=O)O)cc(C(=O)N*)c2)c1,"[""Polyvinylalcohol""]",10.1002/app.1993.070500611,1993,3.44,m-Phenylenediamine,*Nc1cccc(N*)c1,Trimesoyl chloride,*C(=O)c1cc(C(=O)*)cc(C(=O)*)c1,,HIGH,J Appl Polym Sci - PA membrane
474,B.5,*Nc1cccc(NC(=O)c2cc(C(=O)O)cc(C(=O)N*)c2)c1,"[""Polyvinylalcohol""]",10.1002/app.1993.070500611,1993,2.23,m-Phenylenediamine,*Nc1cccc(N*)c1,Trimesoyl chloride,*C(=O)c1cc(C(=O)*)cc(C(=O)*)c1,,HIGH,J Appl Polym Sci - PA membrane
475,B.6,*Nc1cccc(NC(=O)c2cc(C(=O)O)cc(C(=O)N*)c2)c1,"[""Polyvinylalcohol""]",10.1002/app.1993.070500611,1993,2.2,m-Phenylenediamine,*Nc1cccc(N*)c1,Trimesoyl chloride,*C(=O)c1cc(C(=O)*)cc(C(=O)*)c1,,HIGH,J Appl Polym Sci - PA membrane
476,B.7,*Nc1cccc(NC(=O)c2cc(C(=O)O)cc(C(=O)N*)c2)c1,"[""Polyvinylalcohol""]",10.1002/app.1993.070500611,1993,2.28,m-Phenylenediamine,*Nc1cccc(N*)c1,Trimesoyl chloride,*C(=O)c1cc(C(=O)*)cc(C(=O)*)c1,,HIGH,J Appl Polym Sci - PA membrane
477,B.8,*Nc1cccc(NC(=O)c2cc(C(=O)O)cc(C(=O)N*)c2)c1,"[""Polyvinylalcohol""]",10.1002/app.1993.070500611,1993,2.28,m-Phenylenediamine,*Nc1cccc(N*)c1,Trimesoyl chloride,*C(=O)c1cc(C(=O)*)cc(C(=O)*)c1,,HIGH,J Appl Polym Sci - PA membrane
478,B.9,*Nc1cccc(NC(=O)c2cc(C(=O)O)cc(C(=O)N*)c2)c1,"[""Polyvinylalcohol""]",10.1002/app.1993.070500611,1993,1.85,m-Phenylenediamine,*Nc1cccc(N*)c1,Trimesoyl chloride,*C(=O)c1cc(C(=O)*)cc(C(=O)*)c1,,HIGH,J Appl Polym Sci - PA membrane
479,B.10,*Nc1cccc(NC(=O)c2cc(C(=O)O)cc(C(=O)N*)c2)c1,"[""Polyvinylalcohol""]",10.1002/app.1993.070500611,1993,1.73,m-Phenylenediamine,*Nc1cccc(N*)c1,Trimesoyl chloride,*C(=O)c1cc(C(=O)*)cc(C(=O)*)c1,,HIGH,J Appl Polym Sci - PA membrane
480,B.11,*Nc1cccc(NC(=O)c2cc(C(=O)O)cc(C(=O)N*)c2)c1,"[""Polyvinylalcohol""]",10.1002/app.1993.070500611,1993,1.87,m-Phenylenediamine,*Nc1cccc(N*)c1,Trimesoyl chloride,*C(=O)c1cc(C(=O)*)cc(C(=O)*)c1,,HIGH,J Appl Polym Sci - PA membrane
481,B.12,*Nc1cccc(NC(=O)c2cc(C(=O)O)cc(C(=O)N*)c2)c1,"[""Polyvinylalcohol""]",10.1002/app.1993.070500611,1993,1.82,m-Phenylenediamine,*Nc1cccc(N*)c1,Trimesoyl chloride,*C(=O)c1cc(C(=O)*)cc(C(=O)*)c1,,HIGH,J Appl Polym Sci - PA membrane
482,C.1,*Nc1cccc(NC(=O)c2cc(C(=O)O)cc(C(=O)N*)c2)c1,"[""Polyvinylalcohol""]",10.1002/app.1993.070500611,1993,2.83,m-Phenylenediamine,*Nc1cccc(N*)c1,Trimesoyl chloride,*C(=O)c1cc(C(=O)*)cc(C(=O)*)c1,,HIGH,J Appl Polym Sci - PA membrane
483,C.2,*Nc1cccc(NC(=O)c2cc(C(=O)O)cc(C(=O)N*)c2)c1,"[""Polyvinylalcohol""]",10.1002/app.1993.070500611,1993,2.96,m-Phenylenediamine,*Nc1cccc(N*)c1,Trimesoyl chloride,*C(=O)c1cc(C(=O)*)cc(C(=O)*)c1,,HIGH,J Appl Polym Sci - PA membrane
484,C.3,*Nc1cccc(NC(=O)c2cc(C(=O)O)cc(C(=O)N*)c2)c1,"[""Polyvinylalcohol""]",10.1002/app.1993.070500611,1993,2.9,m-Phenylenediamine,*Nc1cccc(N*)c1,Trimesoyl chloride,*C(=O)c1cc(C(=O)*)cc(C(=O)*)c1,,HIGH,J Appl Polym Sci - PA membrane
485,C.4,*Nc1cccc(NC(=O)c2cc(C(=O)O)cc(C(=O)N*)c2)c1,"[""Polyvinylalcohol""]",10.1002/app.1993.070500611,1993,2.94,m-Phenylenediamine,*Nc1cccc(N*)c1,Trimesoyl chloride,*C(=O)c1cc(C(=O)*)cc(C(=O)*)c1,,HIGH,J Appl Polym Sci - PA membrane
486,C.6,*Nc1cccc(NC(=O)c2cc(C(=O)O)cc(C(=O)N*)c2)c1,"[""Polyvinylalcohol""]",10.1002/app.1993.070500611,1993,1.81,m-Phenylenediamine,*Nc1cccc(N*)c1,Trimesoyl chloride,*C(=O)c1cc(C(=O)*)cc(C(=O)*)c1,,HIGH,J Appl Polym Sci - PA membrane
487,C.5,*Nc1cccc(NC(=O)c2cc(C(=O)O)cc(C(=O)N*)c2)c1,"[""Polyvinylalcohol""]",10.1002/app.1993.070500611,1993,1.86,m-Phenylenediamine,*Nc1cccc(N*)c1,Trimesoyl chloride,*C(=O)c1cc(C(=O)*)cc(C(=O)*)c1,,HIGH,J Appl Polym Sci - PA membrane
488,C.7,*Nc1cccc(NC(=O)c2cc(C(=O)O)cc(C(=O)N*)c2)c1,"[""Polyvinylalcohol""]",10.1002/app.1993.070500611,1993,1.76,m-Phenylenediamine,*Nc1cccc(N*)c1,Trimesoyl chloride,*C(=O)c1cc(C(=O)*)cc(C(=O)*)c1,,HIGH,J Appl Polym Sci - PA membrane
489,C.8,*Nc1cccc(NC(=O)c2cc(C(=O)O)cc(C(=O)N*)c2)c1,"[""Polyvinylalcohol""]",10.1002/app.1993.070500611,1993,1.89,m-Phenylenediamine,*Nc1cccc(N*)c1,Trimesoyl chloride,*C(=O)c1cc(C(=O)*)cc(C(=O)*)c1,,HIGH,J Appl Polym Sci - PA membrane
490,C.9,*Nc1cccc(NC(=O)c2cc(C(=O)O)cc(C(=O)N*)c2)c1,"[""Polyvinylalcohol""]",10.1002/app.1993.070500611,1993,0.57,m-Phenylenediamine,*Nc1cccc(N*)c1,Trimesoyl chloride,*C(=O)c1cc(C(=O)*)cc(C(=O)*)c1,,HIGH,J Appl Polym Sci - PA membrane
491,C.10,*Nc1cccc(NC(=O)c2cc(C(=O)O)cc(C(=O)N*)c2)c1,"[""Polyvinylalcohol""]",10.1002/app.1993.070500611,1993,0.7,m-Phenylenediamine,*Nc1cccc(N*)c1,Trimesoyl chloride,*C(=O)c1cc(C(=O)*)cc(C(=O)*)c1,,HIGH,J Appl Polym Sci - PA membrane
492,C.11,*Nc1cccc(NC(=O)c2cc(C(=O)O)cc(C(=O)N*)c2)c1,"[""Polyvinylalcohol""]",10.1002/app.1993.070500611,1993,0.61,m-Phenylenediamine,*Nc1cccc(N*)c1,Trimesoyl chloride,*C(=O)c1cc(C(=O)*)cc(C(=O)*)c1,,HIGH,J Appl Polym Sci - PA membrane
493,C.12,*Nc1cccc(NC(=O)c2cc(C(=O)O)cc(C(=O)N*)c2)c1,"[""Polyvinylalcohol""]",10.1002/app.1993.070500611,1993,0.77,m-Phenylenediamine,*Nc1cccc(N*)c1,Trimesoyl chloride,*C(=O)c1cc(C(=O)*)cc(C(=O)*)c1,,HIGH,J Appl Polym Sci - PA membrane
494,D.1,*Nc1cccc(NC(=O)c2cc(C(=O)O)cc(C(=O)N*)c2)c1,"[""Polyvinylalcohol""]",10.1002/app.1993.070500611,1993,2.47,m-Phenylenediamine,*Nc1cccc(N*)c1,Trimesoyl chloride,*C(=O)c1cc(C(=O)*)cc(C(=O)*)c1,,HIGH,J Appl Polym Sci - PA membrane
495,D.2,*Nc1cccc(NC(=O)c2cc(C(=O)O)cc(C(=O)N*)c2)c1,"[""Polyvinylalcohol""]",10.1002/app.1993.070500611,1993,2.74,m-Phenylenediamine,*Nc1cccc(N*)c1,Trimesoyl chloride,*C(=O)c1cc(C(=O)*)cc(C(=O)*)c1,,HIGH,J Appl Polym Sci - PA membrane
496,D.3,*Nc1cccc(NC(=O)c2cc(C(=O)O)cc(C(=O)N*)c2)c1,"[""Polyvinylalcohol""]",10.1002/app.1993.070500611,1993,2.67,m-Phenylenediamine,*Nc1cccc(N*)c1,Trimesoyl chloride,*C(=O)c1cc(C(=O)*)cc(C(=O)*)c1,,HIGH,J Appl Polym Sci - PA membrane
497,D.4,*Nc1cccc(NC(=O)c2cc(C(=O)O)cc(C(=O)N*)c2)c1,"[""Polyvinylalcohol""]",10.1002/app.1993.070500611,1993,2.78,m-Phenylenediamine,*Nc1cccc(N*)c1,Trimesoyl chloride,*C(=O)c1cc(C(=O)*)cc(C(=O)*)c1,,HIGH,J Appl Polym Sci - PA membrane
498,D.5,*Nc1cccc(NC(=O)c2cc(C(=O)O)cc(C(=O)N*)c2)c1,"[""Polyvinylalcohol""]",10.1002/app.1993.070500611,1993,2.17,m-Phenylenediamine,*Nc1cccc(N*)c1,Trimesoyl chloride,*C(=O)c1cc(C(=O)*)cc(C(=O)*)c1,,HIGH,J Appl Polym Sci - PA membrane
499,D.6,*Nc1cccc(NC(=O)c2cc(C(=O)O)cc(C(=O)N*)c2)c1,"[""Polyvinylalcohol""]",10.1002/app.1993.070500611,1993,2.12,m-Phenylenediamine,*Nc1cccc(N*)c1,Trimesoyl chloride,*C(=O)c1cc(C(=O)*)cc(C(=O)*)c1,,HIGH,J Appl Polym Sci - PA membrane
500,D.7,*Nc1cccc(NC(=O)c2cc(C(=O)O)cc(C(=O)N*)c2)c1,"[""Polyvinylalcohol""]",10.1002/app.1993.070500611,1993,2.15,m-Phenylenediamine,*Nc1cccc(N*)c1,Trimesoyl chloride,*C(=O)c1cc(C(=O)*)cc(C(=O)*)c1,,HIGH,J Appl Polym Sci - PA membrane
501,D.8,*Nc1cccc(NC(=O)c2cc(C(=O)O)cc(C(=O)N*)c2)c1,"[""Polyvinylalcohol""]",10.1002/app.1993.070500611,1993,1.92,m-Phenylenediamine,*Nc1cccc(N*)c1,Trimesoyl chloride,*C(=O)c1cc(C(=O)*)cc(C(=O)*)c1,,HIGH,J Appl Polym Sci - PA membrane
502,D.9,*Nc1cccc(NC(=O)c2cc(C(=O)O)cc(C(=O)N*)c2)c1,"[""Polyvinylalcohol""]",10.1002/app.1993.070500611,1993,1.86,m-Phenylenediamine,*Nc1cccc(N*)c1,Trimesoyl chloride,*C(=O)c1cc(C(=O)*)cc(C(=O)*)c1,,HIGH,J Appl Polym Sci - PA membrane
503,D.10,*Nc1cccc(NC(=O)c2cc(C(=O)O)cc(C(=O)N*)c2)c1,"[""Polyvinylalcohol""]",10.1002/app.1993.070500611,1993,1.76,m-Phenylenediamine,*Nc1cccc(N*)c1,Trimesoyl chloride,*C(=O)c1cc(C(=O)*)cc(C(=O)*)c1,,HIGH,J Appl Polym Sci - PA membrane
504,D.11,*Nc1cccc(NC(=O)c2cc(C(=O)O)cc(C(=O)N*)c2)c1,"[""Polyvinylalcohol""]",10.1002/app.1993.070500611,1993,1.89,m-Phenylenediamine,*Nc1cccc(N*)c1,Trimesoyl chloride,*C(=O)c1cc(C(=O)*)cc(C(=O)*)c1,,HIGH,J Appl Polym Sci - PA membrane
505,D.12,*Nc1cccc(NC(=O)c2cc(C(=O)O)cc(C(=O)N*)c2)c1,"[""Polyvinylalcohol""]",10.1002/app.1993.070500611,1993,1.79,m-Phenylenediamine,*Nc1cccc(N*)c1,Trimesoyl chloride,*C(=O)c1cc(C(=O)*)cc(C(=O)*)c1,,HIGH,J Appl Polym Sci - PA membrane
506,control,*Nc1cccc(NC(=O)c2cc(C(=O)O)cc(C(=O)N*)c2)c1,"[""Polyamide""]",10.1016/j.memsci.2015.04.060,2015,3.43,m-Phenylenediamine,*Nc1cccc(N*)c1,Trimesoyl chloride,*C(=O)c1cc(C(=O)*)cc(C(=O)*)c1,,MEDIUM,Chemistry-based default
507,1% Jeff,*Nc1cccc(NC(=O)c2cc(C(=O)O)cc(C(=O)N*)c2)c1,"[""Polyamide""]",10.1016/j.memsci.2015.04.060,2015,2.35,m-Phenylenediamine,*Nc1cccc(N*)c1,Trimesoyl chloride,*C(=O)c1cc(C(=O)*)cc(C(=O)*)c1,,MEDIUM,Chemistry-based default
508,2% Jeff,*Nc1cccc(NC(=O)c2cc(C(=O)O)cc(C(=O)N*)c2)c1,"[""Polyamide""]",10.1016/j.memsci.2015.04.060,2015,2.53,m-Phenylenediamine,*Nc1cccc(N*)c1,Trimesoyl chloride,*C(=O)c1cc(C(=O)*)cc(C(=O)*)c1,,MEDIUM,Chemistry-based default
509,5% Jeff,*Nc1cccc(NC(=O)c2cc(C(=O)O)cc(C(=O)N*)c2)c1,"[""Polyamide""]",10.1016/j.memsci.2015.04.060,2015,2.63,m-Phenylenediamine,*Nc1cccc(N*)c1,Trimesoyl chloride,*C(=O)c1cc(C(=O)*)cc(C(=O)*)c1,,MEDIUM,Chemistry-based default
510,10% Jeff,*Nc1cccc(NC(=O)c2cc(C(=O)O)cc(C(=O)N*)c2)c1,"[""Polyamide""]",10.1016/j.memsci.2015.04.060,2015,1.75,m-Phenylenediamine,*Nc1cccc(N*)c1,Trimesoyl chloride,*C(=O)c1cc(C(=O)*)cc(C(=O)*)c1,,MEDIUM,Chemistry-based default
511,15% Jeff,*Nc1cccc(NC(=O)c2cc(C(=O)O)cc(C(=O)N*)c2)c1,"[""Polyamide""]",10.1016/j.memsci.2015.04.060,2015,2.31,m-Phenylenediamine,*Nc1cccc(N*)c1,Trimesoyl chloride,*C(=O)c1cc(C(=O)*)cc(C(=O)*)c1,,MEDIUM,Chemistry-based default
512,0% HFP-mAP,*Nc1cccc(NC(=O)c2cc(C(=O)O)cc(C(=O)N*)c2)c1,"[""Polyamide""]",10.1016/j.memsci.2015.06.051,2015,1.28,m-Phenylenediamine,*Nc1cccc(N*)c1,Trimesoyl chloride,*C(=O)c1cc(C(=O)*)cc(C(=O)*)c1,,MEDIUM,Chemistry-based default
513,25% HFP-mAP,*Nc1cccc(NC(=O)c2cc(C(=O)O)cc(C(=O)N*)c2)c1,"[""Polyamide""]",10.1016/j.memsci.2015.06.051,2015,1.83,m-Phenylenediamine,*Nc1cccc(N*)c1,Trimesoyl chloride,*C(=O)c1cc(C(=O)*)cc(C(=O)*)c1,,MEDIUM,Chemistry-based default
514,50% HFP-mAP,*Nc1cccc(NC(=O)c2cc(C(=O)O)cc(C(=O)N*)c2)c1,"[""Polyamide""]",10.1016/j.memsci.2015.06.051,2015,1.4,m-Phenylenediamine,*Nc1cccc(N*)c1,Trimesoyl chloride,*C(=O)c1cc(C(=O)*)cc(C(=O)*)c1,,MEDIUM,Chemistry-based default
515,75% HFP-mAP,*Nc1cccc(NC(=O)c2cc(C(=O)O)cc(C(=O)N*)c2)c1,"[""Polyamide""]",10.1016/j.memsci.2015.06.051,2015,1.2,m-Phenylenediamine,*Nc1cccc(N*)c1,Trimesoyl chloride,*C(=O)c1cc(C(=O)*)cc(C(=O)*)c1,,MEDIUM,Chemistry-based default
516,100% HFP-mAP,*Nc1cccc(NC(=O)c2cc(C(=O)O)cc(C(=O)N*)c2)c1,"[""Polyamide""]",10.1016/j.memsci.2015.06.051,2015,1.13,m-Phenylenediamine,*Nc1cccc(N*)c1,Trimesoyl chloride,*C(=O)c1cc(C(=O)*)cc(C(=O)*)c1,,MEDIUM,Chemistry-based default
517,GOT-0,*Nc1cccc(NC(=O)c2cc(C(=O)O)cc(C(=O)N*)c2)c1,"[""Polyamide""]",10.1016/j.memsci.2015.06.053,2015,0.91,m-Phenylenediamine,*Nc1cccc(N*)c1,Trimesoyl chloride,*C(=O)c1cc(C(=O)*)cc(C(=O)*)c1,,MEDIUM,Chemistry-based default
518,GOT-0.1,*Nc1cccc(NC(=O)c2cc(C(=O)O)cc(C(=O)N*)c2)c1,"[""Polyamide""]",10.1016/j.memsci.2015.06.053,2015,1.23,m-Phenylenediamine,*Nc1cccc(N*)c1,Trimesoyl chloride,*C(=O)c1cc(C(=O)*)cc(C(=O)*)c1,,MEDIUM,Chemistry-based default
519,GOT-0.25,*Nc1cccc(NC(=O)c2cc(C(=O)O)cc(C(=O)N*)c2)c1,"[""Polyamide""]",10.1016/j.memsci.2015.06.053,2015,1.76,m-Phenylenediamine,*Nc1cccc(N*)c1,Trimesoyl chloride,*C(=O)c1cc(C(=O)*)cc(C(=O)*)c1,,MEDIUM,Chemistry-based default
520,GOT-0.5,*Nc1cccc(NC(=O)c2cc(C(=O)O)cc(C(=O)N*)c2)c1,"[""Polyamide""]",10.1016/j.memsci.2015.06.053,2015,0.99,m-Phenylenediamine,*Nc1cccc(N*)c1,Trimesoyl chloride,*C(=O)c1cc(C(=O)*)cc(C(=O)*)c1,,MEDIUM,Chemistry-based default
521,GOT-1,*Nc1cccc(NC(=O)c2cc(C(=O)O)cc(C(=O)N*)c2)c1,"[""Polyamide""]",10.1016/j.memsci.2015.06.053,2015,0.91,m-Phenylenediamine,*Nc1cccc(N*)c1,Trimesoyl chloride,*C(=O)c1cc(C(=O)*)cc(C(=O)*)c1,,MEDIUM,Chemistry-based default
522,TFC-control,*Nc1cccc(NC(=O)c2cc(C(=O)O)cc(C(=O)N*)c2)c1,"[""Polyamide""]",10.1016/j.memsci.2017.01.002,2017,1.82,m-Phenylenediamine,*Nc1cccc(N*)c1,Trimesoyl chloride,*C(=O)c1cc(C(=O)*)cc(C(=O)*)c1,,MEDIUM,Chemistry-based default
523,2k-g-TFC,*Nc1cccc(NC(=O)c2cc(C(=O)O)cc(C(=O)N*)c2)c1,"[""Polyamide""]",10.1016/j.memsci.2017.01.002,2017,1.22,m-Phenylenediamine,*Nc1cccc(N*)c1,Trimesoyl chloride,*C(=O)c1cc(C(=O)*)cc(C(=O)*)c1,,MEDIUM,Chemistry-based default
524,10k-g-TFC,*Nc1cccc(NC(=O)c2cc(C(=O)O)cc(C(=O)N*)c2)c1,"[""Polyamide""]",10.1016/j.memsci.2017.01.002,2017,1.36,m-Phenylenediamine,*Nc1cccc(N*)c1,Trimesoyl chloride,*C(=O)c1cc(C(=O)*)cc(C(=O)*)c1,,MEDIUM,Chemistry-based default
525,18k-g-TFC,*Nc1cccc(NC(=O)c2cc(C(=O)O)cc(C(=O)N*)c2)c1,"[""Polyamide""]",10.1016/j.memsci.2017.01.002,2017,1.28,m-Phenylenediamine,*Nc1cccc(N*)c1,Trimesoyl chloride,*C(=O)c1cc(C(=O)*)cc(C(=O)*)c1,,MEDIUM,Chemistry-based default
530,TM710D,*Nc1cccc(NC(=O)c2cc(C(=O)O)cc(C(=O)N*)c2)c1,"[""Polyamide""]",https://www.water.toray/products/ro/pdf/TM700D_v0_202104.pdf,2021,3.93,m-Phenylenediamine,*Nc1cccc(N*)c1,Trimesoyl chloride,*C(=O)c1cc(C(=O)*)cc(C(=O)*)c1,,MEDIUM,Chemistry-based default
531,TM720D-400,*Nc1cccc(NC(=O)c2cc(C(=O)O)cc(C(=O)N*)c2)c1,"[""Polyamide""]",https://www.water.toray/products/ro/pdf/TM700D_v0_202104.pdf,2021,3.58,m-Phenylenediamine,*Nc1cccc(N*)c1,Trimesoyl chloride,*C(=O)c1cc(C(=O)*)cc(C(=O)*)c1,,MEDIUM,Chemistry-based default
532,TM720D-440,*Nc1cccc(NC(=O)c2cc(C(=O)O)cc(C(=O)N*)c2)c1,"[""Polyamide""]",https://www.water.toray/products/ro/pdf/TM700D_v0_202104.pdf,2021,3.55,m-Phenylenediamine,*Nc1cccc(N*)c1,Trimesoyl chloride,*C(=O)c1cc(C(=O)*)cc(C(=O)*)c1,,MEDIUM,Chemistry-based default
535,TFN3,*Nc1cccc(NC(=O)c2cc(C(=O)O)cc(C(=O)N*)c2)c1,"[""Polyamide"",""Graphene oxide""]",10.1016/j.desal.2020.114601,2020,2.84,m-Phenylenediamine,*Nc1cccc(N*)c1,Trimesoyl chloride,*C(=O)c1cc(C(=O)*)cc(C(=O)*)c1,,MEDIUM,Chemistry-based default
536,PA-control,*Nc1cccc(NC(=O)c2cc(C(=O)O)cc(C(=O)N*)c2)c1,"[""Polyamide""]",10.1016/j.memsci.2017.04.008,2017,1.99,m-Phenylenediamine,*Nc1cccc(N*)c1,Trimesoyl chloride,*C(=O)c1cc(C(=O)*)cc(C(=O)*)c1,,MEDIUM,Chemistry-based default
537,sPA-PEI-600,*Nc1cccc(NC(=O)c2cc(C(=O)O)cc(C(=O)N*)c2)c1,"[""Polyamide"",""Polyethyleneimine""]",10.1016/j.memsci.2017.04.008,2017,2.29,Polyethyleneimine,*NCCNCCNCCN*,Trimesoyl chloride,*C(=O)c1cc(C(=O)*)cc(C(=O)*)c1,,MEDIUM,Chemistry-based default
538,sPA-1200,*Nc1cccc(NC(=O)c2cc(C(=O)O)cc(C(=O)N*)c2)c1,"[""Polyamide"",""Polyethyleneimine""]",10.1016/j.memsci.2017.04.008,2017,2.59,Polyethyleneimine,*NCCNCCNCCN*,Trimesoyl chloride,*C(=O)c1cc(C(=O)*)cc(C(=O)*)c1,,MEDIUM,Chemistry-based default
539,sPA-1800,*Nc1cccc(NC(=O)c2cc(C(=O)O)cc(C(=O)N*)c2)c1,"[""Polyamide"",""Polyethyleneimine""]",10.1016/j.memsci.2017.04.008,2017,2.85,Polyethyleneimine,*NCCNCCNCCN*,Trimesoyl chloride,*C(=O)c1cc(C(=O)*)cc(C(=O)*)c1,,MEDIUM,Chemistry-based default
540,sPA-1800-1,*Nc1cccc(NC(=O)c2cc(C(=O)O)cc(C(=O)N*)c2)c1,"[""Polyamide"",""Polyethyleneimine""]",10.1016/j.memsci.2017.04.008,2017,3.96,Polyethyleneimine,*NCCNCCNCCN*,Trimesoyl chloride,*C(=O)c1cc(C(=O)*)cc(C(=O)*)c1,,MEDIUM,Chemistry-based default
541,sPA-1800-5,*Nc1cccc(NC(=O)c2cc(C(=O)O)cc(C(=O)N*)c2)c1,"[""Polyamide"",""Polyethyleneimine""]",10.1016/j.memsci.2017.04.008,2017,2.9,Polyethyleneimine,*NCCNCCNCCN*,Trimesoyl chloride,*C(=O)c1cc(C(=O)*)cc(C(=O)*)c1,,MEDIUM,Chemistry-based default
542,sPA-1800-9,*Nc1cccc(NC(=O)c2cc(C(=O)O)cc(C(=O)N*)c2)c1,"[""Polyamide"",""Polyethyleneimine""]",10.1016/j.memsci.2017.04.008,2017,2.87,Polyethyleneimine,*NCCNCCNCCN*,Trimesoyl chloride,*C(=O)c1cc(C(=O)*)cc(C(=O)*)c1,,MEDIUM,Chemistry-based default
543,sPA-1800-13,*Nc1cccc(NC(=O)c2cc(C(=O)O)cc(C(=O)N*)c2)c1,"[""Polyamide"",""Polyethyleneimine""]",10.1016/j.memsci.2017.04.008,2017,3.53,Polyethyleneimine,*NCCNCCNCCN*,Trimesoyl chloride,*C(=O)c1cc(C(=O)*)cc(C(=O)*)c1,,MEDIUM,Chemistry-based default
544,pristine,*Nc1cccc(NC(=O)c2cc(C(=O)O)cc(C(=O)N*)c2)c1,"[""Polyamide""]",10.1016/j.memsci.2019.02.027,2019,1.83,m-Phenylenediamine,*Nc1cccc(N*)c1,Trimesoyl chloride,*C(=O)c1cc(C(=O)*)cc(C(=O)*)c1,,MEDIUM,Chemistry-based default
545,IPA,*Nc1cccc(NC(=O)c2cc(C(=O)O)cc(C(=O)N*)c2)c1,"[""Polyamide""]",10.1016/j.memsci.2019.02.027,2019,2.18,m-Phenylenediamine,*Nc1cccc(N*)c1,Trimesoyl chloride,*C(=O)c1cc(C(=O)*)cc(C(=O)*)c1,,MEDIUM,Chemistry-based default
546,EtOH,*Nc1cccc(NC(=O)c2cc(C(=O)O)cc(C(=O)N*)c2)c1,"[""Polyamide""]",10.1016/j.memsci.2019.02.027,2019,2.92,m-Phenylenediamine,*Nc1cccc(N*)c1,Trimesoyl chloride,*C(=O)c1cc(C(=O)*)cc(C(=O)*)c1,,MEDIUM,Chemistry-based default
547,DMF,*Nc1cccc(NC(=O)c2cc(C(=O)O)cc(C(=O)N*)c2)c1,"[""Polyamide""]",10.1016/j.memsci.2019.02.027,2019,17.83,m-Phenylenediamine,*Nc1cccc(N*)c1,Trimesoyl chloride,*C(=O)c1cc(C(=O)*)cc(C(=O)*)c1,,MEDIUM,Chemistry-based default
548,BA,*Nc1cccc(NC(=O)c2cc(C(=O)O)cc(C(=O)N*)c2)c1,"[""Polyamide""]",10.1016/j.memsci.2019.02.027,2019,4.61,m-Phenylenediamine,*Nc1cccc(N*)c1,Trimesoyl chloride,*C(=O)c1cc(C(=O)*)cc(C(=O)*)c1,,MEDIUM,Chemistry-based default
549,TFC-control,*Nc1cccc(NC(=O)c2cc(C(=O)O)cc(C(=O)N*)c2)c1,"[""Polyamide""]",10.1021/acs.est.8b05690,2019,1.7,m-Phenylenediamine,*Nc1cccc(N*)c1,Trimesoyl chloride,*C(=O)c1cc(C(=O)*)cc(C(=O)*)c1,,MEDIUM,Chemistry-based default
550,TFC-Ca2+(0.2),*Nc1cccc(NC(=O)c2cc(C(=O)O)cc(C(=O)N*)c2)c1,"[""Polyamide""]",10.1021/acs.est.8b05690,2019,1.72,m-Phenylenediamine,*Nc1cccc(N*)c1,Trimesoyl chloride,*C(=O)c1cc(C(=O)*)cc(C(=O)*)c1,,MEDIUM,Chemistry-based default
551,TFC-Ca2+(0.5),*Nc1cccc(NC(=O)c2cc(C(=O)O)cc(C(=O)N*)c2)c1,"[""Polyamide""]",10.1021/acs.est.8b05690,2019,1.93,m-Phenylenediamine,*Nc1cccc(N*)c1,Trimesoyl chloride,*C(=O)c1cc(C(=O)*)cc(C(=O)*)c1,,MEDIUM,Chemistry-based default
552,TFC-Ca2+(1),*Nc1cccc(NC(=O)c2cc(C(=O)O)cc(C(=O)N*)c2)c1,"[""Polyamide""]",10.1021/acs.est.8b05690,2019,2.44,m-Phenylenediamine,*Nc1cccc(N*)c1,Trimesoyl chloride,*C(=O)c1cc(C(=O)*)cc(C(=O)*)c1,,MEDIUM,Chemistry-based default
553,TFC-Ca2+(2),*Nc1cccc(NC(=O)c2cc(C(=O)O)cc(C(=O)N*)c2)c1,"[""Polyamide""]",10.1021/acs.est.8b05690,2019,1.97,m-Phenylenediamine,*Nc1cccc(N*)c1,Trimesoyl chloride,*C(=O)c1cc(C(=O)*)cc(C(=O)*)c1,,MEDIUM,Chemistry-based default
554,TFC,*Nc1cccc(NC(=O)c2cc(C(=O)O)cc(C(=O)N*)c2)c1,"[""Polyamide""]",10.1021/acs.est.9b00473,2019,0.89,m-Phenylenediamine,*Nc1cccc(N*)c1,Trimesoyl chloride,*C(=O)c1cc(C(=O)*)cc(C(=O)*)c1,,MEDIUM,Chemistry-based default
555,TFC-Ag1,*Nc1cccc(NC(=O)c2cc(C(=O)O)cc(C(=O)N*)c2)c1,"[""Polyamide"",""Other""]",10.1021/acs.est.9b00473,2019,1.19,m-Phenylenediamine,*Nc1cccc(N*)c1,Trimesoyl chloride,*C(=O)c1cc(C(=O)*)cc(C(=O)*)c1,,MEDIUM,Chemistry-based default
556,TFC-Ag5,*Nc1cccc(NC(=O)c2cc(C(=O)O)cc(C(=O)N*)c2)c1,"[""Polyamide"",""Other""]",10.1021/acs.est.9b00473,2019,1.29,m-Phenylenediamine,*Nc1cccc(N*)c1,Trimesoyl chloride,*C(=O)c1cc(C(=O)*)cc(C(=O)*)c1,,MEDIUM,Chemistry-based default
557,TFC-Ag20,*Nc1cccc(NC(=O)c2cc(C(=O)O)cc(C(=O)N*)c2)c1,"[""Polyamide"",""Other""]",10.1021/acs.est.9b00473,2019,2.39,m-Phenylenediamine,*Nc1cccc(N*)c1,Trimesoyl chloride,*C(=O)c1cc(C(=O)*)cc(C(=O)*)c1,,MEDIUM,Chemistry-based default
558,TFC-Ag100,*Nc1cccc(NC(=O)c2cc(C(=O)O)cc(C(=O)N*)c2)c1,"[""Polyamide"",""Other""]",10.1021/acs.est.9b00473,2019,0.85,m-Phenylenediamine,*Nc1cccc(N*)c1,Trimesoyl chloride,*C(=O)c1cc(C(=O)*)cc(C(=O)*)c1,,MEDIUM,Chemistry-based default
564,PBM,*Nc1cccc(NC(=O)c2cc(C(=O)O)cc(C(=O)N*)c2)c1,"[""Polyamide"",""Other""]",10.1016/j.memsci.2018.03.052,2018,4.76,m-Phenylenediamine,*Nc1cccc(N*)c1,Trimesoyl chloride,*C(=O)c1cc(C(=O)*)cc(C(=O)*)c1,,MEDIUM,Chemistry-based default
565,SW30,*Nc1cccc(NC(=O)c2cc(C(=O)O)cc(C(=O)N*)c2)c1,"[""Polyamide""]",10.1016/j.memsci.2018.03.052,2018,1.93,m-Phenylenediamine,*Nc1cccc(N*)c1,Trimesoyl chloride,*C(=O)c1cc(C(=O)*)cc(C(=O)*)c1,,MEDIUM,Chemistry-based default
566,BW30,*Nc1cccc(NC(=O)c2cc(C(=O)O)cc(C(=O)N*)c2)c1,"[""Polyamide""]",10.1016/j.memsci.2018.03.052,2018,2.11,m-Phenylenediamine,*Nc1cccc(N*)c1,Trimesoyl chloride,*C(=O)c1cc(C(=O)*)cc(C(=O)*)c1,,MEDIUM,Chemistry-based default
567,Control PBM,*Nc1cccc(NC(=O)c2cc(C(=O)O)cc(C(=O)N*)c2)c1,"[""Polyamide"",""Other""]",10.1016/j.memsci.2018.03.052,2018,2.02,m-Phenylenediamine,*Nc1cccc(N*)c1,Trimesoyl chloride,*C(=O)c1cc(C(=O)*)cc(C(=O)*)c1,,MEDIUM,Chemistry-based default
568,TFC-M1,*Nc1cccc(NC(=O)c2cc(C(=O)O)cc(C(=O)N*)c2)c1,"[""Polyamide""]",10.1016/j.desal.2014.11.013,2015,3.78,m-Phenylenediamine,*Nc1cccc(N*)c1,Trimesoyl chloride,*C(=O)c1cc(C(=O)*)cc(C(=O)*)c1,,MEDIUM,Chemistry-based default
569,TFC-M2,*Nc1cccc(NC(=O)c2cc(C(=O)O)cc(C(=O)N*)c2)c1,"[""Polyamide""]",10.1016/j.desal.2014.11.013,2015,2.62,m-Phenylenediamine,*Nc1cccc(N*)c1,Trimesoyl chloride,*C(=O)c1cc(C(=O)*)cc(C(=O)*)c1,,MEDIUM,Chemistry-based default
570,TFC-M3,*Nc1cccc(NC(=O)c2cc(C(=O)O)cc(C(=O)N*)c2)c1,"[""Polyamide""]",10.1016/j.desal.2014.11.013,2015,2.96,m-Phenylenediamine,*Nc1cccc(N*)c1,Trimesoyl chloride,*C(=O)c1cc(C(=O)*)cc(C(=O)*)c1,,MEDIUM,Chemistry-based default
571,TFC-M4,*Nc1cccc(NC(=O)c2cc(C(=O)O)cc(C(=O)N*)c2)c1,"[""Polyamide""]",10.1016/j.desal.2014.11.013,2015,4.33,m-Phenylenediamine,*Nc1cccc(N*)c1,Trimesoyl chloride,*C(=O)c1cc(C(=O)*)cc(C(=O)*)c1,,MEDIUM,Chemistry-based default
572,TFC-M5,*Nc1cccc(NC(=O)c2cc(C(=O)O)cc(C(=O)N*)c2)c1,"[""Polyamide""]",10.1016/j.desal.2014.11.013,2015,1.36,m-Phenylenediamine,*Nc1cccc(N*)c1,Trimesoyl chloride,*C(=O)c1cc(C(=O)*)cc(C(=O)*)c1,,MEDIUM,Chemistry-based default
573,TFC-V,*Nc1cccc(NC(=O)c2cc(C(=O)O)cc(C(=O)N*)c2)c1,"[""Polyamide""]",10.1016/j.desal.2014.11.013,2015,3.97,m-Phenylenediamine,*Nc1cccc(N*)c1,Trimesoyl chloride,*C(=O)c1cc(C(=O)*)cc(C(=O)*)c1,,MEDIUM,Chemistry-based default
589,Example 7,*Nc1cccc(NC(=O)c2cc(C(=O)O)cc(C(=O)N*)c2)c1,"[""Polyamide""]",U.S. Patent No. 4761234,1988,2.68,m-Phenylenediamine,*Nc1cccc(N*)c1,Trimesoyl chloride,*C(=O)c1cc(C(=O)*)cc(C(=O)*)c1,,HIGH,Toray/Uemura patent - aromatic polyamide TFC
590,Example 8,*Nc1cccc(NC(=O)c2cc(C(=O)O)cc(C(=O)N*)c2)c1,"[""Polyamide""]",U.S. Patent No. 4761234,1988,2.71,m-Phenylenediamine,*Nc1cccc(N*)c1,Trimesoyl chloride,*C(=O)c1cc(C(=O)*)cc(C(=O)*)c1,,HIGH,Toray/Uemura patent - aromatic polyamide TFC
591,Comparative Example 1,*Nc1cccc(NC(=O)c2cc(C(=O)O)cc(C(=O)N*)c2)c1,"[""Polyamide""]",U.S. Patent No. 4761234,1988,2.38,m-Phenylenediamine,*Nc1cccc(N*)c1,Trimesoyl chloride,*C(=O)c1cc(C(=O)*)cc(C(=O)*)c1,,HIGH,Toray/Uemura patent - aromatic polyamide TFC
592,Example 5,*Nc1cccc(NC(=O)c2cc(C(=O)O)cc(C(=O)N*)c2)c1,"[""Polyamide""]",U.S. Patent No. 4761234,1988,2.64,m-Phenylenediamine,*Nc1cccc(N*)c1,Trimesoyl chloride,*C(=O)c1cc(C(=O)*)cc(C(=O)*)c1,,HIGH,Toray/Uemura patent - aromatic polyamide TFC
593,Example 10,*Nc1cccc(NC(=O)c2cc(C(=O)O)cc(C(=O)N*)c2)c1,"[""Polyamide""]",U.S. Patent No. 4761234,1988,3.49,m-Phenylenediamine,*Nc1cccc(N*)c1,Trimesoyl chloride,*C(=O)c1cc(C(=O)*)cc(C(=O)*)c1,,HIGH,Toray/Uemura patent - aromatic polyamide TFC
594,Comparative Example 3,*Nc1cccc(NC(=O)c2cc(C(=O)O)cc(C(=O)N*)c2)c1,"[""Polyamide""]",U.S. Patent No. 4761234,1988,2.54,m-Phenylenediamine,*Nc1cccc(N*)c1,Trimesoyl chloride,*C(=O)c1cc(C(=O)*)cc(C(=O)*)c1,,HIGH,Toray/Uemura patent - aromatic polyamide TFC
595,Example 14,*Nc1cccc(NC(=O)c2cc(C(=O)O)cc(C(=O)N*)c2)c1,"[""Polyamide""]",U.S. Patent No. 4761234,1988,2.36,m-Phenylenediamine,*Nc1cccc(N*)c1,Trimesoyl chloride,*C(=O)c1cc(C(=O)*)cc(C(=O)*)c1,,HIGH,Toray/Uemura patent - aromatic polyamide TFC
596,Example 15,*Nc1cccc(NC(=O)c2cc(C(=O)O)cc(C(=O)N*)c2)c1,"[""Polyamide""]",U.S. Patent No. 4761234,1988,2.41,m-Phenylenediamine,*Nc1cccc(N*)c1,Trimesoyl chloride,*C(=O)c1cc(C(=O)*)cc(C(=O)*)c1,,HIGH,Toray/Uemura patent - aromatic polyamide TFC
597,Example 16,*Nc1cccc(NC(=O)c2cc(C(=O)O)cc(C(=O)N*)c2)c1,"[""Polyamide""]",U.S. Patent No. 4761234,1988,2.43,m-Phenylenediamine,*Nc1cccc(N*)c1,Trimesoyl chloride,*C(=O)c1cc(C(=O)*)cc(C(=O)*)c1,,HIGH,Toray/Uemura patent - aromatic polyamide TFC
598,Example 17,*Nc1cccc(NC(=O)c2cc(C(=O)O)cc(C(=O)N*)c2)c1,"[""Polyamide""]",U.S. Patent No. 4761234,1988,1.79,m-Phenylenediamine,*Nc1cccc(N*)c1,Trimesoyl chloride,*C(=O)c1cc(C(=O)*)cc(C(=O)*)c1,,HIGH,Toray/Uemura patent - aromatic polyamide TFC
599,Example 18,*Nc1cccc(NC(=O)c2cc(C(=O)O)cc(C(=O)N*)c2)c1,"[""Polyamide""]",U.S. Patent No. 4761234,1988,3.44,m-Phenylenediamine,*Nc1cccc(N*)c1,Trimesoyl chloride,*C(=O)c1cc(C(=O)*)cc(C(=O)*)c1,,HIGH,Toray/Uemura patent - aromatic polyamide TFC
600,Example 19,*Nc1cccc(NC(=O)c2cc(C(=O)O)cc(C(=O)N*)c2)c1,"[""Polyamide""]",U.S. Patent No. 4761234,1988,3.35,m-Phenylenediamine,*Nc1cccc(N*)c1,Trimesoyl chloride,*C(=O)c1cc(C(=O)*)cc(C(=O)*)c1,,HIGH,Toray/Uemura patent - aromatic polyamide TFC
601,Example 20,*Nc1cccc(NC(=O)c2cc(C(=O)O)cc(C(=O)N*)c2)c1,"[""Polyamide""]",U.S. Patent No. 4761234,1988,4.34,m-Phenylenediamine,*Nc1cccc(N*)c1,Trimesoyl chloride,*C(=O)c1cc(C(=O)*)cc(C(=O)*)c1,,HIGH,Toray/Uemura patent - aromatic polyamide TFC
602,Example 21,*Nc1cccc(NC(=O)c2cc(C(=O)O)cc(C(=O)N*)c2)c1,"[""Polyamide""]",U.S. Patent No. 4761234,1988,3.47,m-Phenylenediamine,*Nc1cccc(N*)c1,Trimesoyl chloride,*C(=O)c1cc(C(=O)*)cc(C(=O)*)c1,,HIGH,Toray/Uemura patent - aromatic polyamide TFC
603,Example 22,*Nc1cccc(NC(=O)c2cc(C(=O)O)cc(C(=O)N*)c2)c1,"[""Polyamide""]",U.S. Patent No. 4761234,1988,2.13,m-Phenylenediamine,*Nc1cccc(N*)c1,Trimesoyl chloride,*C(=O)c1cc(C(=O)*)cc(C(=O)*)c1,,HIGH,Toray/Uemura patent - aromatic polyamide TFC
604,Example 23,*Nc1cccc(NC(=O)c2cc(C(=O)O)cc(C(=O)N*)c2)c1,"[""Polyamide""]",U.S. Patent No. 4761234,1988,1.59,m-Phenylenediamine,*Nc1cccc(N*)c1,Trimesoyl chloride,*C(=O)c1cc(C(=O)*)cc(C(=O)*)c1,,HIGH,Toray/Uemura patent - aromatic polyamide TFC
605,Example 24,*Nc1cccc(NC(=O)c2cc(C(=O)O)cc(C(=O)N*)c2)c1,"[""Polyamide""]",U.S. Patent No. 4761234,1988,10.03,m-Phenylenediamine,*Nc1cccc(N*)c1,Trimesoyl chloride,*C(=O)c1cc(C(=O)*)cc(C(=O)*)c1,,HIGH,Toray/Uemura patent - aromatic polyamide TFC
606,Example 25,*Nc1cccc(NC(=O)c2cc(C(=O)O)cc(C(=O)N*)c2)c1,"[""Polyamide""]",U.S. Patent No. 4761234,1988,1.31,m-Phenylenediamine,*Nc1cccc(N*)c1,Trimesoyl chloride,*C(=O)c1cc(C(=O)*)cc(C(=O)*)c1,,HIGH,Toray/Uemura patent - aromatic polyamide TFC
607,TFC-SH,*Nc1cccc(NC(=O)c2cc(C(=O)O)cc(C(=O)N*)c2)c1,"[""Polyamide""]",10.1016/j.memsci.2015.09.060,2016,2.3,m-Phenylenediamine,*Nc1cccc(N*)c1,Trimesoyl chloride,*C(=O)c1cc(C(=O)*)cc(C(=O)*)c1,,MEDIUM,Chemistry-based default
608,TFC-AgNP,*Nc1cccc(NC(=O)c2cc(C(=O)O)cc(C(=O)N*)c2)c1,"[""Polyamide""]",10.1016/j.memsci.2015.09.060,2016,2.15,m-Phenylenediamine,*Nc1cccc(N*)c1,Trimesoyl chloride,*C(=O)c1cc(C(=O)*)cc(C(=O)*)c1,,MEDIUM,Chemistry-based default
609,TFC,*Nc1cccc(NC(=O)c2cc(C(=O)O)cc(C(=O)N*)c2)c1,"[""Polyamide""]",10.1016/j.memsci.2015.09.060,2016,2.23,m-Phenylenediamine,*Nc1cccc(N*)c1,Trimesoyl chloride,*C(=O)c1cc(C(=O)*)cc(C(=O)*)c1,,MEDIUM,Chemistry-based default
610,Example 2,*Nc1cccc(NC(=O)c2cc(C(=O)O)cc(C(=O)N*)c2)c1,"[""Polyamide""]",U.S. Patent No. 4277344,1981,1.33,m-Phenylenediamine,*Nc1cccc(N*)c1,Trimesoyl chloride,*C(=O)c1cc(C(=O)*)cc(C(=O)*)c1,,HIGH,Cadotte/FilmTec patent - explicitly states phenylenediamine + trimesoyl chloride
611,Example 3,*Nc1cccc(NC(=O)c2cc(C(=O)O)cc(C(=O)N*)c2)c1,"[""Polyamide""]",U.S. Patent No. 4277344,1981,1.94,m-Phenylenediamine,*Nc1cccc(N*)c1,Trimesoyl chloride,*C(=O)c1cc(C(=O)*)cc(C(=O)*)c1,,HIGH,Cadotte/FilmTec patent - explicitly states phenylenediamine + trimesoyl chloride
612,Example 4,*Nc1cccc(NC(=O)c2cc(C(=O)O)cc(C(=O)N*)c2)c1,"[""Polyamide""]",U.S. Patent No. 4277344,1981,2.83,m-Phenylenediamine,*Nc1cccc(N*)c1,Trimesoyl chloride,*C(=O)c1cc(C(=O)*)cc(C(=O)*)c1,,HIGH,Cadotte/FilmTec patent - explicitly states phenylenediamine + trimesoyl chloride
613,Example 5,*Nc1cccc(NC(=O)c2cc(C(=O)O)cc(C(=O)N*)c2)c1,"[""Polyamide""]",U.S. Patent No. 4277344,1981,11.44,m-Phenylenediamine,*Nc1cccc(N*)c1,Trimesoyl chloride,*C(=O)c1cc(C(=O)*)cc(C(=O)*)c1,,HIGH,Cadotte/FilmTec patent - explicitly states phenylenediamine + trimesoyl chloride
614,Example 6,*Nc1cccc(NC(=O)c2cc(C(=O)O)cc(C(=O)N*)c2)c1,"[""Polyamide""]",U.S. Patent No. 4277344,1981,2.87,m-Phenylenediamine,*Nc1cccc(N*)c1,Trimesoyl chloride,*C(=O)c1cc(C(=O)*)cc(C(=O)*)c1,,HIGH,Cadotte/FilmTec patent - explicitly states phenylenediamine + trimesoyl chloride
615,Example 7,*Nc1cccc(NC(=O)c2cc(C(=O)O)cc(C(=O)N*)c2)c1,"[""Polyamide""]",U.S. Patent No. 4277344,1981,1.13,m-Phenylenediamine,*Nc1cccc(N*)c1,Trimesoyl chloride,*C(=O)c1cc(C(=O)*)cc(C(=O)*)c1,,HIGH,Cadotte/FilmTec patent - explicitly states phenylenediamine + trimesoyl chloride
616,Example 8,*Nc1cccc(NC(=O)c2cc(C(=O)O)cc(C(=O)N*)c2)c1,"[""Polyamide""]",U.S. Patent No. 4277344,1981,1.18,m-Phenylenediamine,*Nc1cccc(N*)c1,Trimesoyl chloride,*C(=O)c1cc(C(=O)*)cc(C(=O)*)c1,,HIGH,Cadotte/FilmTec patent - explicitly states phenylenediamine + trimesoyl chloride
617,Example 9,*Nc1cccc(NC(=O)c2cc(C(=O)O)cc(C(=O)N*)c2)c1,"[""Polyamide""]",U.S. Patent No. 4277344,1981,2.31,m-Phenylenediamine,*Nc1cccc(N*)c1,Trimesoyl chloride,*C(=O)c1cc(C(=O)*)cc(C(=O)*)c1,,HIGH,Cadotte/FilmTec patent - explicitly states phenylenediamine + trimesoyl chloride
618,Example 10,*Nc1cccc(NC(=O)c2cc(C(=O)O)cc(C(=O)N*)c2)c1,"[""Polyamide""]",U.S. Patent No. 4277344,1981,5.95,m-Phenylenediamine,*Nc1cccc(N*)c1,Trimesoyl chloride,*C(=O)c1cc(C(=O)*)cc(C(=O)*)c1,,HIGH,Cadotte/FilmTec patent - explicitly states phenylenediamine + trimesoyl chloride
619,Example 11,*Nc1cccc(NC(=O)c2cc(C(=O)O)cc(C(=O)N*)c2)c1,"[""Polyamide""]",U.S. Patent No. 4277344,1981,1.13,m-Phenylenediamine,*Nc1cccc(N*)c1,Trimesoyl chloride,*C(=O)c1cc(C(=O)*)cc(C(=O)*)c1,,HIGH,Cadotte/FilmTec patent - explicitly states phenylenediamine + trimesoyl chloride
620,Example 12,*Nc1cccc(NC(=O)c2cc(C(=O)O)cc(C(=O)N*)c2)c1,"[""Polyamide""]",U.S. Patent No. 4277344,1981,3.03,m-Phenylenediamine,*Nc1cccc(N*)c1,Trimesoyl chloride,*C(=O)c1cc(C(=O)*)cc(C(=O)*)c1,,HIGH,Cadotte/FilmTec patent - explicitly states phenylenediamine + trimesoyl chloride
621,Example 13,*Nc1cccc(NC(=O)c2cc(C(=O)O)cc(C(=O)N*)c2)c1,"[""Polyamide""]",U.S. Patent No. 4277344,1981,2.37,m-Phenylenediamine,*Nc1cccc(N*)c1,Trimesoyl chloride,*C(=O)c1cc(C(=O)*)cc(C(=O)*)c1,,HIGH,Cadotte/FilmTec patent - explicitly states phenylenediamine + trimesoyl chloride
622,Example 14,*Nc1cccc(NC(=O)c2cc(C(=O)O)cc(C(=O)N*)c2)c1,"[""Polyamide""]",U.S. Patent No. 4277344,1981,3.43,m-Phenylenediamine,*Nc1cccc(N*)c1,Trimesoyl chloride,*C(=O)c1cc(C(=O)*)cc(C(=O)*)c1,,HIGH,Cadotte/FilmTec patent - explicitly states phenylenediamine + trimesoyl chloride
623,Example 15,*Nc1cccc(NC(=O)c2cc(C(=O)O)cc(C(=O)N*)c2)c1,"[""Polyamide""]",U.S. Patent No. 4277344,1981,6.25,m-Phenylenediamine,*Nc1cccc(N*)c1,Trimesoyl chloride,*C(=O)c1cc(C(=O)*)cc(C(=O)*)c1,,HIGH,Cadotte/FilmTec patent - explicitly states phenylenediamine + trimesoyl chloride
624,Example 16,*Nc1cccc(NC(=O)c2cc(C(=O)O)cc(C(=O)N*)c2)c1,"[""Polyamide""]",U.S. Patent No. 4277344,1981,1.2,m-Phenylenediamine,*Nc1cccc(N*)c1,Trimesoyl chloride,*C(=O)c1cc(C(=O)*)cc(C(=O)*)c1,,HIGH,Cadotte/FilmTec patent - explicitly states phenylenediamine + trimesoyl chloride
625,0% o-ABA-TEA,*Nc1cccc(NC(=O)c2cc(C(=O)O)cc(C(=O)N*)c2)c1,"[""Polyamide""]",10.1016/j.memsci.2013.12.066,2014,1.58,m-Phenylenediamine,*Nc1cccc(N*)c1,Trimesoyl chloride,*C(=O)c1cc(C(=O)*)cc(C(=O)*)c1,,HIGH,PA membrane study
626,0.5% o-ABA-TEA,*Nc1cccc(NC(=O)c2cc(C(=O)O)cc(C(=O)N*)c2)c1,"[""Polyamide""]",10.1016/j.memsci.2013.12.066,2014,2.4,m-Phenylenediamine,*Nc1cccc(N*)c1,Trimesoyl chloride,*C(=O)c1cc(C(=O)*)cc(C(=O)*)c1,,HIGH,PA membrane study
627,0.75% o-ABA-TEA,*Nc1cccc(NC(=O)c2cc(C(=O)O)cc(C(=O)N*)c2)c1,"[""Polyamide""]",10.1016/j.memsci.2013.12.066,2014,2.59,m-Phenylenediamine,*Nc1cccc(N*)c1,Trimesoyl chloride,*C(=O)c1cc(C(=O)*)cc(C(=O)*)c1,,HIGH,PA membrane study
631,1% o-ABA-TEA,*Nc1cccc(NC(=O)c2cc(C(=O)O)cc(C(=O)N*)c2)c1,"[""Polyamide""]",10.1016/j.memsci.2013.12.066,2014,2.79,m-Phenylenediamine,*Nc1cccc(N*)c1,Trimesoyl chloride,*C(=O)c1cc(C(=O)*)cc(C(=O)*)c1,,HIGH,PA membrane study
632,1.25% o-ABA-TEA,*Nc1cccc(NC(=O)c2cc(C(=O)O)cc(C(=O)N*)c2)c1,"[""Polyamide""]",10.1016/j.memsci.2013.12.066,2014,2.7,m-Phenylenediamine,*Nc1cccc(N*)c1,Trimesoyl chloride,*C(=O)c1cc(C(=O)*)cc(C(=O)*)c1,,HIGH,PA membrane study
633,1.5% o-ABA-TEA,*Nc1cccc(NC(=O)c2cc(C(=O)O)cc(C(=O)N*)c2)c1,"[""Polyamide""]",10.1016/j.memsci.2013.12.066,2014,2.7,m-Phenylenediamine,*Nc1cccc(N*)c1,Trimesoyl chloride,*C(=O)c1cc(C(=O)*)cc(C(=O)*)c1,,HIGH,PA membrane study
634,2% o-ABA-TEA,*Nc1cccc(NC(=O)c2cc(C(=O)O)cc(C(=O)N*)c2)c1,"[""Polyamide""]",10.1016/j.memsci.2013.12.066,2014,2.41,m-Phenylenediamine,*Nc1cccc(N*)c1,Trimesoyl chloride,*C(=O)c1cc(C(=O)*)cc(C(=O)*)c1,,HIGH,PA membrane study
635,0% IPA,*Nc1cccc(NC(=O)c2cc(C(=O)O)cc(C(=O)N*)c2)c1,"[""Polyamide""]",10.1016/j.memsci.2013.12.066,2014,2.78,m-Phenylenediamine,*Nc1cccc(N*)c1,Trimesoyl chloride,*C(=O)c1cc(C(=O)*)cc(C(=O)*)c1,,HIGH,PA membrane study
636,25% IPA,*Nc1cccc(NC(=O)c2cc(C(=O)O)cc(C(=O)N*)c2)c1,"[""Polyamide""]",10.1016/j.memsci.2013.12.066,2014,2.97,m-Phenylenediamine,*Nc1cccc(N*)c1,Trimesoyl chloride,*C(=O)c1cc(C(=O)*)cc(C(=O)*)c1,,HIGH,PA membrane study
637,40% IPA,*Nc1cccc(NC(=O)c2cc(C(=O)O)cc(C(=O)N*)c2)c1,"[""Polyamide""]",10.1016/j.memsci.2013.12.066,2014,3.26,m-Phenylenediamine,*Nc1cccc(N*)c1,Trimesoyl chloride,*C(=O)c1cc(C(=O)*)cc(C(=O)*)c1,,HIGH,PA membrane study
638,50% IPA,*Nc1cccc(NC(=O)c2cc(C(=O)O)cc(C(=O)N*)c2)c1,"[""Polyamide""]",10.1016/j.memsci.2013.12.066,2014,3.58,m-Phenylenediamine,*Nc1cccc(N*)c1,Trimesoyl chloride,*C(=O)c1cc(C(=O)*)cc(C(=O)*)c1,,HIGH,PA membrane study
639,30s AA Drying Time,*Nc1cccc(NC(=O)c2cc(C(=O)O)cc(C(=O)N*)c2)c1,"[""Polyamide""]",10.1016/j.memsci.2013.12.066,2014,3.31,m-Phenylenediamine,*Nc1cccc(N*)c1,Trimesoyl chloride,*C(=O)c1cc(C(=O)*)cc(C(=O)*)c1,,HIGH,PA membrane study
640,45s AA Drying Time,*Nc1cccc(NC(=O)c2cc(C(=O)O)cc(C(=O)N*)c2)c1,"[""Polyamide""]",10.1016/j.memsci.2013.12.066,2014,3.25,m-Phenylenediamine,*Nc1cccc(N*)c1,Trimesoyl chloride,*C(=O)c1cc(C(=O)*)cc(C(=O)*)c1,,HIGH,PA membrane study
641,60s AA Drying Time,*Nc1cccc(NC(=O)c2cc(C(=O)O)cc(C(=O)N*)c2)c1,"[""Polyamide""]",10.1016/j.memsci.2013.12.066,2014,3.09,m-Phenylenediamine,*Nc1cccc(N*)c1,Trimesoyl chloride,*C(=O)c1cc(C(=O)*)cc(C(=O)*)c1,,HIGH,PA membrane study
642,75s AA Drying Time,*Nc1cccc(NC(=O)c2cc(C(=O)O)cc(C(=O)N*)c2)c1,"[""Polyamide""]",10.1016/j.memsci.2013.12.066,2014,2.93,m-Phenylenediamine,*Nc1cccc(N*)c1,Trimesoyl chloride,*C(=O)c1cc(C(=O)*)cc(C(=O)*)c1,,HIGH,PA membrane study
643,4min HC Removal Time,*Nc1cccc(NC(=O)c2cc(C(=O)O)cc(C(=O)N*)c2)c1,"[""Polyamide""]",10.1016/j.memsci.2013.12.066,2014,2.4,m-Phenylenediamine,*Nc1cccc(N*)c1,Trimesoyl chloride,*C(=O)c1cc(C(=O)*)cc(C(=O)*)c1,,HIGH,PA membrane study
644,5min HC Removal Time,*Nc1cccc(NC(=O)c2cc(C(=O)O)cc(C(=O)N*)c2)c1,"[""Polyamide""]",10.1016/j.memsci.2013.12.066,2014,2.77,m-Phenylenediamine,*Nc1cccc(N*)c1,Trimesoyl chloride,*C(=O)c1cc(C(=O)*)cc(C(=O)*)c1,,HIGH,PA membrane study
646,6min HC Removal Time,*Nc1cccc(NC(=O)c2cc(C(=O)O)cc(C(=O)N*)c2)c1,"[""Polyamide""]",10.1016/j.memsci.2013.12.066,2014,3.23,m-Phenylenediamine,*Nc1cccc(N*)c1,Trimesoyl chloride,*C(=O)c1cc(C(=O)*)cc(C(=O)*)c1,,HIGH,PA membrane study
647,7min HC Removal Time,*Nc1cccc(NC(=O)c2cc(C(=O)O)cc(C(=O)N*)c2)c1,"[""Polyamide""]",10.1016/j.memsci.2013.12.066,2014,3.26,m-Phenylenediamine,*Nc1cccc(N*)c1,Trimesoyl chloride,*C(=O)c1cc(C(=O)*)cc(C(=O)*)c1,,HIGH,PA membrane study
648,8min HC Removal Time,*Nc1cccc(NC(=O)c2cc(C(=O)O)cc(C(=O)N*)c2)c1,"[""Polyamide""]",10.1016/j.memsci.2013.12.066,2014,2.97,m-Phenylenediamine,*Nc1cccc(N*)c1,Trimesoyl chloride,*C(=O)c1cc(C(=O)*)cc(C(=O)*)c1,,HIGH,PA membrane study
649,2 ALD cycles,*Nc1cccc(NC(=O)c2cc(C(=O)O)cc(C(=O)N*)c2)c1,"[""Polyamide""]",10.1021/acs.est.8b03967,2018,2.35,m-Phenylenediamine,*Nc1cccc(N*)c1,Trimesoyl chloride,*C(=O)c1cc(C(=O)*)cc(C(=O)*)c1,,MEDIUM,Chemistry-based default
650,5 ALD cycles,*Nc1cccc(NC(=O)c2cc(C(=O)O)cc(C(=O)N*)c2)c1,"[""Polyamide""]",10.1021/acs.est.8b03967,2018,2.45,m-Phenylenediamine,*Nc1cccc(N*)c1,Trimesoyl chloride,*C(=O)c1cc(C(=O)*)cc(C(=O)*)c1,,MEDIUM,Chemistry-based default
651,8 ALD cycles,*Nc1cccc(NC(=O)c2cc(C(=O)O)cc(C(=O)N*)c2)c1,"[""Polyamide""]",10.1021/acs.est.8b03967,2018,2.07,m-Phenylenediamine,*Nc1cccc(N*)c1,Trimesoyl chloride,*C(=O)c1cc(C(=O)*)cc(C(=O)*)c1,,MEDIUM,Chemistry-based default
652,10 ALD cycles,*Nc1cccc(NC(=O)c2cc(C(=O)O)cc(C(=O)N*)c2)c1,"[""Polyamide""]",10.1021/acs.est.8b03967,2018,2.03,m-Phenylenediamine,*Nc1cccc(N*)c1,Trimesoyl chloride,*C(=O)c1cc(C(=O)*)cc(C(=O)*)c1,,MEDIUM,Chemistry-based default
653,20 ALD cycles,*Nc1cccc(NC(=O)c2cc(C(=O)O)cc(C(=O)N*)c2)c1,"[""Polyamide""]",10.1021/acs.est.8b03967,2018,1.68,m-Phenylenediamine,*Nc1cccc(N*)c1,Trimesoyl chloride,*C(=O)c1cc(C(=O)*)cc(C(=O)*)c1,,MEDIUM,Chemistry-based default
654,30 ALD cycles,*Nc1cccc(NC(=O)c2cc(C(=O)O)cc(C(=O)N*)c2)c1,"[""Polyamide""]",10.1021/acs.est.8b03967,2018,1.25,m-Phenylenediamine,*Nc1cccc(N*)c1,Trimesoyl chloride,*C(=O)c1cc(C(=O)*)cc(C(=O)*)c1,,MEDIUM,Chemistry-based default
655,40 ALD cycles,*Nc1cccc(NC(=O)c2cc(C(=O)O)cc(C(=O)N*)c2)c1,"[""Polyamide""]",10.1021/acs.est.8b03967,2018,0.47,m-Phenylenediamine,*Nc1cccc(N*)c1,Trimesoyl chloride,*C(=O)c1cc(C(=O)*)cc(C(=O)*)c1,,MEDIUM,Chemistry-based default
656,50 ALD cycles,*Nc1cccc(NC(=O)c2cc(C(=O)O)cc(C(=O)N*)c2)c1,"[""Polyamide""]",10.1021/acs.est.8b03967,2018,0.19,m-Phenylenediamine,*Nc1cccc(N*)c1,Trimesoyl chloride,*C(=O)c1cc(C(=O)*)cc(C(=O)*)c1,,MEDIUM,Chemistry-based default
667,A-HT-0,*Nc1cccc(NC(=O)c2cc(C(=O)O)cc(C(=O)N*)c2)c1,"[""Polyamide""]",10.1039/c9ra10826b,2020,3.3,m-Phenylenediamine,*Nc1cccc(N*)c1,Trimesoyl chloride,*C(=O)c1cc(C(=O)*)cc(C(=O)*)c1,,MEDIUM,Chemistry-based default
668,A-HT-0.01,*Nc1cccc(NC(=O)c2cc(C(=O)O)cc(C(=O)N*)c2)c1,"[""Polyamide"",""Other""]",10.1039/c9ra10826b,2020,3.53,m-Phenylenediamine,*Nc1cccc(N*)c1,Trimesoyl chloride,*C(=O)c1cc(C(=O)*)cc(C(=O)*)c1,,MEDIUM,Chemistry-based default
669,A-HT-0.025,*Nc1cccc(NC(=O)c2cc(C(=O)O)cc(C(=O)N*)c2)c1,"[""Polyamide"",""Other""]",10.1039/c9ra10826b,2020,3.69,m-Phenylenediamine,*Nc1cccc(N*)c1,Trimesoyl chloride,*C(=O)c1cc(C(=O)*)cc(C(=O)*)c1,,MEDIUM,Chemistry-based default
670,A-HT-0.05,*Nc1cccc(NC(=O)c2cc(C(=O)O)cc(C(=O)N*)c2)c1,"[""Polyamide"",""Other""]",10.1039/c9ra10826b,2020,3.98,m-Phenylenediamine,*Nc1cccc(N*)c1,Trimesoyl chloride,*C(=O)c1cc(C(=O)*)cc(C(=O)*)c1,,MEDIUM,Chemistry-based default
671,A-HT-0.075,*Nc1cccc(NC(=O)c2cc(C(=O)O)cc(C(=O)N*)c2)c1,"[""Polyamide"",""Other""]",10.1039/c9ra10826b,2020,4.12,m-Phenylenediamine,*Nc1cccc(N*)c1,Trimesoyl chloride,*C(=O)c1cc(C(=O)*)cc(C(=O)*)c1,,MEDIUM,Chemistry-based default
672,A-HT-0.1,*Nc1cccc(NC(=O)c2cc(C(=O)O)cc(C(=O)N*)c2)c1,"[""Polyamide"",""Other""]",10.1039/c9ra10826b,2020,4.09,m-Phenylenediamine,*Nc1cccc(N*)c1,Trimesoyl chloride,*C(=O)c1cc(C(=O)*)cc(C(=O)*)c1,,MEDIUM,Chemistry-based default
673,A-HT-0.125,*Nc1cccc(NC(=O)c2cc(C(=O)O)cc(C(=O)N*)c2)c1,"[""Polyamide"",""Other""]",10.1039/c9ra10826b,2020,3.58,m-Phenylenediamine,*Nc1cccc(N*)c1,Trimesoyl chloride,*C(=O)c1cc(C(=O)*)cc(C(=O)*)c1,,MEDIUM,Chemistry-based default
674,HT-0.05,*Nc1cccc(NC(=O)c2cc(C(=O)O)cc(C(=O)N*)c2)c1,"[""Polyamide"",""Other""]",10.1039/c9ra10826b,2020,3.99,m-Phenylenediamine,*Nc1cccc(N*)c1,Trimesoyl chloride,*C(=O)c1cc(C(=O)*)cc(C(=O)*)c1,,MEDIUM,Chemistry-based default
675,CA-2%,*OC[C@H]1O[C@@H](O*)[C@H](OC(=O)C)[C@@H](OC(=O)C)[C@@H]1OC(=O)C,"[""Cellulose acetate""]",10.1016/j.memsci.2012.10.043,2013,1.03,,,,,,HIGH,Chemistry-based default
676,CA-2.5%,*OC[C@H]1O[C@@H](O*)[C@H](OC(=O)C)[C@@H](OC(=O)C)[C@@H]1OC(=O)C,"[""Cellulose acetate""]",10.1016/j.memsci.2012.10.043,2013,0.24,,,,,,HIGH,Chemistry-based default
677,CA-3%,*OC[C@H]1O[C@@H](O*)[C@H](OC(=O)C)[C@@H](OC(=O)C)[C@@H]1OC(=O)C,"[""Cellulose acetate""]",10.1016/j.memsci.2012.10.043,2013,0.15,,,,,,HIGH,Chemistry-based default
678,CA-5%,*OC[C@H]1O[C@@H](O*)[C@H](OC(=O)C)[C@@H](OC(=O)C)[C@@H]1OC(=O)C,"[""Cellulose acetate""]",10.1016/j.memsci.2012.10.043,2013,0.08,,,,,,HIGH,Chemistry-based default
685,SW 30,*Nc1cccc(NC(=O)c2cc(C(=O)O)cc(C(=O)N*)c2)c1,"[""Polyamide""]",10.1021/acs.est.1c05649,2021,1.82,m-Phenylenediamine,*Nc1cccc(N*)c1,Trimesoyl chloride,*C(=O)c1cc(C(=O)*)cc(C(=O)*)c1,,MEDIUM,Chemistry-based default
686,SW 30,*Nc1cccc(NC(=O)c2cc(C(=O)O)cc(C(=O)N*)c2)c1,"[""Polyamide""]",10.1021/acs.est.1c05649,2021,1.82,m-Phenylenediamine,*Nc1cccc(N*)c1,Trimesoyl chloride,*C(=O)c1cc(C(=O)*)cc(C(=O)*)c1,,MEDIUM,Chemistry-based default
687,SW 30,*Nc1cccc(NC(=O)c2cc(C(=O)O)cc(C(=O)N*)c2)c1,"[""Polyamide""]",10.1021/acs.est.1c05649,2021,1.82,m-Phenylenediamine,*Nc1cccc(N*)c1,Trimesoyl chloride,*C(=O)c1cc(C(=O)*)cc(C(=O)*)c1,,MEDIUM,Chemistry-based default
688,BW30-pH4-1ppmNaOCl,*Nc1cccc(NC(=O)c2cc(C(=O)O)cc(C(=O)N*)c2)c1,"[""Polyamide""]",https://doi.org/10.1016/j.memsci.2020.118400,2020,2.767951,m-Phenylenediamine,*Nc1cccc(N*)c1,Trimesoyl chloride,*C(=O)c1cc(C(=O)*)cc(C(=O)*)c1,,MEDIUM,Chemistry-based default
689,BW30-pH7-50ppmNaOCl,*Nc1cccc(NC(=O)c2cc(C(=O)O)cc(C(=O)N*)c2)c1,"[""Polyamide""]",https://doi.org/10.1016/j.memsci.2020.118400,2020,3.7,m-Phenylenediamine,*Nc1cccc(N*)c1,Trimesoyl chloride,*C(=O)c1cc(C(=O)*)cc(C(=O)*)c1,,MEDIUM,Chemistry-based default
690,BW30-pH10-50ppmNaOCl,*Nc1cccc(NC(=O)c2cc(C(=O)O)cc(C(=O)N*)c2)c1,"[""Polyamide""]",https://doi.org/10.1016/j.memsci.2020.118400,2020,4.53,m-Phenylenediamine,*Nc1cccc(N*)c1,Trimesoyl chloride,*C(=O)c1cc(C(=O)*)cc(C(=O)*)c1,,MEDIUM,Chemistry-based default
691,BW30-pH4-20ppmNaOCl,*Nc1cccc(NC(=O)c2cc(C(=O)O)cc(C(=O)N*)c2)c1,"[""Polyamide""]",https://doi.org/10.1016/j.memsci.2020.118400,2020,2.231871,m-Phenylenediamine,*Nc1cccc(N*)c1,Trimesoyl chloride,*C(=O)c1cc(C(=O)*)cc(C(=O)*)c1,,MEDIUM,Chemistry-based default
692,BW30-pH4-50ppmNaOCl,*Nc1cccc(NC(=O)c2cc(C(=O)O)cc(C(=O)N*)c2)c1,"[""Polyamide""]",https://doi.org/10.1016/j.memsci.2020.118400,2020,1.60497,m-Phenylenediamine,*Nc1cccc(N*)c1,Trimesoyl chloride,*C(=O)c1cc(C(=O)*)cc(C(=O)*)c1,,MEDIUM,Chemistry-based default
693,BW30-pH7-1ppmNaOCl,*Nc1cccc(NC(=O)c2cc(C(=O)O)cc(C(=O)N*)c2)c1,"[""Polyamide""]",https://doi.org/10.1016/j.memsci.2020.118400,2020,3.16,m-Phenylenediamine,*Nc1cccc(N*)c1,Trimesoyl chloride,*C(=O)c1cc(C(=O)*)cc(C(=O)*)c1,,MEDIUM,Chemistry-based default
694,BW30-pH7-20ppmNaOCl,*Nc1cccc(NC(=O)c2cc(C(=O)O)cc(C(=O)N*)c2)c1,"[""Polyamide""]",https://doi.org/10.1016/j.memsci.2020.118400,2020,3.19,m-Phenylenediamine,*Nc1cccc(N*)c1,Trimesoyl chloride,*C(=O)c1cc(C(=O)*)cc(C(=O)*)c1,,MEDIUM,Chemistry-based default
695,BW30-pH10-1ppmNaOCl,*Nc1cccc(NC(=O)c2cc(C(=O)O)cc(C(=O)N*)c2)c1,"[""Polyamide""]",https://doi.org/10.1016/j.memsci.2020.118400,2020,3.05,m-Phenylenediamine,*Nc1cccc(N*)c1,Trimesoyl chloride,*C(=O)c1cc(C(=O)*)cc(C(=O)*)c1,,MEDIUM,Chemistry-based default
696,BW30-pH10-20ppmNaOCl,*Nc1cccc(NC(=O)c2cc(C(=O)O)cc(C(=O)N*)c2)c1,"[""Polyamide""]",https://doi.org/10.1016/j.memsci.2020.118400,2020,3.55,m-Phenylenediamine,*Nc1cccc(N*)c1,Trimesoyl chloride,*C(=O)c1cc(C(=O)*)cc(C(=O)*)c1,,MEDIUM,Chemistry-based default
697,TFC-2,*Nc1cccc(NC(=O)c2cc(C(=O)O)cc(C(=O)N*)c2)c1,"[""Polyamide""]",10.1021/acsestengg.1c00418,2022,1.8,m-Phenylenediamine,*Nc1cccc(N*)c1,Trimesoyl chloride,*C(=O)c1cc(C(=O)*)cc(C(=O)*)c1,,MEDIUM,Chemistry-based default
701,TFC-PES hollow fiber membranes,*Nc1cccc(NC(=O)c2cc(C(=O)O)cc(C(=O)N*)c2)c1,"[""Polyamide""]",10.1016/j.memsci.2021.119156,2021,1.96,m-Phenylenediamine,*Nc1cccc(N*)c1,Trimesoyl chloride,*C(=O)c1cc(C(=O)*)cc(C(=O)*)c1,,MEDIUM,Chemistry-based default
708,Pristine@MPD,*Nc1cccc(NC(=O)c2cc(C(=O)O)cc(C(=O)N*)c2)c1,"[""Polyamide""]",10.1038/s41467-022-28183-1,2022,1.29555959,m-Phenylenediamine,*Nc1cccc(N*)c1,Trimesoyl chloride,*C(=O)c1cc(C(=O)*)cc(C(=O)*)c1,,MEDIUM,Chemistry-based default
709,NaCl@MPD,*Nc1cccc(NC(=O)c2cc(C(=O)O)cc(C(=O)N*)c2)c1,"[""Polyamide""]",10.1038/s41467-022-28183-1,2022,2.541543272,m-Phenylenediamine,*Nc1cccc(N*)c1,Trimesoyl chloride,*C(=O)c1cc(C(=O)*)cc(C(=O)*)c1,,MEDIUM,Chemistry-based default
710,NaHCO3@MPD,*Nc1cccc(NC(=O)c2cc(C(=O)O)cc(C(=O)N*)c2)c1,"[""Polyamide""]",10.1038/s41467-022-28183-1,2022,3.574672101,m-Phenylenediamine,*Nc1cccc(N*)c1,Trimesoyl chloride,*C(=O)c1cc(C(=O)*)cc(C(=O)*)c1,,MEDIUM,Chemistry-based default
711,1% w/v α-CD and 1% w/v DMAP modified membrane,*Nc1cccc(NC(=O)c2cc(C(=O)O)cc(C(=O)N*)c2)c1,"[""Polyamide""]",10.1016/j.memsci.2022.120862,2022,6.24,m-Phenylenediamine,*Nc1cccc(N*)c1,Trimesoyl chloride,*C(=O)c1cc(C(=O)*)cc(C(=O)*)c1,,MEDIUM,Chemistry-based default
712,RO-virgin,*Nc1cccc(NC(=O)c2cc(C(=O)O)cc(C(=O)N*)c2)c1,"[""Polyamide""]",10.1016/j.memsci.2022.120862,2022,2.06,m-Phenylenediamine,*Nc1cccc(N*)c1,Trimesoyl chloride,*C(=O)c1cc(C(=O)*)cc(C(=O)*)c1,,MEDIUM,Chemistry-based default
713,FIP,*Nc1cccc(NC(=O)c2cc(C(=O)O)cc(C(=O)N*)c2)c1,"[""Polyamide"",""Metal-organic framework""]",10.1126/sciadv.abm4149,2022,1.4,m-Phenylenediamine,*Nc1cccc(N*)c1,Trimesoyl chloride,*C(=O)c1cc(C(=O)*)cc(C(=O)*)c1,,MEDIUM,Chemistry-based default
714,MARIP-0.05,*Nc1cccc(NC(=O)c2cc(C(=O)O)cc(C(=O)N*)c2)c1,"[""Polyamide"",""Metal-organic framework""]",10.1126/sciadv.abm4149,2022,2.4,m-Phenylenediamine,*Nc1cccc(N*)c1,Trimesoyl chloride,*C(=O)c1cc(C(=O)*)cc(C(=O)*)c1,,MEDIUM,Chemistry-based default
715,MARIP-0.1,*Nc1cccc(NC(=O)c2cc(C(=O)O)cc(C(=O)N*)c2)c1,"[""Polyamide"",""Metal-organic framework""]",10.1126/sciadv.abm4149,2022,3.5,m-Phenylenediamine,*Nc1cccc(N*)c1,Trimesoyl chloride,*C(=O)c1cc(C(=O)*)cc(C(=O)*)c1,,MEDIUM,Chemistry-based default
716,MARIP-0.2,*Nc1cccc(NC(=O)c2cc(C(=O)O)cc(C(=O)N*)c2)c1,"[""Polyamide"",""Metal-organic framework""]",10.1126/sciadv.abm4149,2022,3.7,m-Phenylenediamine,*Nc1cccc(N*)c1,Trimesoyl chloride,*C(=O)c1cc(C(=O)*)cc(C(=O)*)c1,,MEDIUM,Chemistry-based default
717,Mix-MOF,*Nc1cccc(NC(=O)c2cc(C(=O)O)cc(C(=O)N*)c2)c1,"[""Polyamide"",""Metal-organic framework""]",10.1126/sciadv.abm4149,2022,0.948599984,m-Phenylenediamine,*Nc1cccc(N*)c1,Trimesoyl chloride,*C(=O)c1cc(C(=O)*)cc(C(=O)*)c1,,MEDIUM,Chemistry-based default
718,NMPL,*Nc1cccc(NC(=O)c2cc(C(=O)O)cc(C(=O)N*)c2)c1,"[""Polyamide"",""Metal-organic framework""]",10.1126/sciadv.abm4149,2022,2.915500006,m-Phenylenediamine,*Nc1cccc(N*)c1,Trimesoyl chloride,*C(=O)c1cc(C(=O)*)cc(C(=O)*)c1,,MEDIUM,Chemistry-based default
719,RO-HP-β-CD,*Nc1cccc(NC(=O)c2cc(C(=O)O)cc(C(=O)N*)c2)c1,"[""Polyamide""]",10.1016/j.memsci.2022.120862,2022,6.81,m-Phenylenediamine,*Nc1cccc(N*)c1,Trimesoyl chloride,*C(=O)c1cc(C(=O)*)cc(C(=O)*)c1,,MEDIUM,Chemistry-based default
720,RO-γ-CD,*Nc1cccc(NC(=O)c2cc(C(=O)O)cc(C(=O)N*)c2)c1,"[""Polyamide""]",10.1016/j.memsci.2022.120862,2022,6.84,m-Phenylenediamine,*Nc1cccc(N*)c1,Trimesoyl chloride,*C(=O)c1cc(C(=O)*)cc(C(=O)*)c1,,MEDIUM,Chemistry-based default
721,RO-PVP0,*Nc1cccc(NC(=O)c2cc(C(=O)O)cc(C(=O)N*)c2)c1,"[""Polyamide""]",10.1016/j.memsci.2022.120966,2022,3.42,m-Phenylenediamine,*Nc1cccc(N*)c1,Trimesoyl chloride,*C(=O)c1cc(C(=O)*)cc(C(=O)*)c1,,MEDIUM,Chemistry-based default
730,Mcon,*Nc1cccc(NC(=O)c2cc(C(=O)O)cc(C(=O)N*)c2)c1,"[""Polyamide""]",10.1021/acs.est.1c08857,2022,1.57,m-Phenylenediamine,*Nc1cccc(N*)c1,Trimesoyl chloride,*C(=O)c1cc(C(=O)*)cc(C(=O)*)c1,,MEDIUM,Chemistry-based default
731,Mcon/OG,*Nc1cccc(NC(=O)c2cc(C(=O)O)cc(C(=O)N*)c2)c1,"[""Polyamide""]",10.1021/acs.est.1c08857,2022,2.01,m-Phenylenediamine,*Nc1cccc(N*)c1,Trimesoyl chloride,*C(=O)c1cc(C(=O)*)cc(C(=O)*)c1,,MEDIUM,Chemistry-based default
732,MDOPC,*Nc1cccc(NC(=O)c2cc(C(=O)O)cc(C(=O)N*)c2)c1,"[""Polyamide""]",10.1021/acs.est.1c08857,2022,2.19,m-Phenylenediamine,*Nc1cccc(N*)c1,Trimesoyl chloride,*C(=O)c1cc(C(=O)*)cc(C(=O)*)c1,,MEDIUM,Chemistry-based default
733,MDOPC/OG,*Nc1cccc(NC(=O)c2cc(C(=O)O)cc(C(=O)N*)c2)c1,"[""Polyamide""]",10.1021/acs.est.1c08857,2022,2.51,m-Phenylenediamine,*Nc1cccc(N*)c1,Trimesoyl chloride,*C(=O)c1cc(C(=O)*)cc(C(=O)*)c1,,MEDIUM,Chemistry-based default
734,MAQP,*Nc1cccc(NC(=O)c2cc(C(=O)O)cc(C(=O)N*)c2)c1,"[""Polyamide""]",10.1021/acs.est.1c08857,2022,2.57,m-Phenylenediamine,*Nc1cccc(N*)c1,Trimesoyl chloride,*C(=O)c1cc(C(=O)*)cc(C(=O)*)c1,,MEDIUM,Chemistry-based default
735,MAQP/OG,*Nc1cccc(NC(=O)c2cc(C(=O)O)cc(C(=O)N*)c2)c1,"[""Polyamide""]",10.1021/acs.est.1c08857,2022,3.13,m-Phenylenediamine,*Nc1cccc(N*)c1,Trimesoyl chloride,*C(=O)c1cc(C(=O)*)cc(C(=O)*)c1,,MEDIUM,Chemistry-based default
736,P0,*Nc1cccc(NC(=O)c2cc(C(=O)O)cc(C(=O)N*)c2)c1,"[""Polyamide""]",10.1016/j.seppur.2019.116017,2020,1.43,m-Phenylenediamine,*Nc1cccc(N*)c1,Trimesoyl chloride,*C(=O)c1cc(C(=O)*)cc(C(=O)*)c1,,MEDIUM,Chemistry-based default
737,N/A,*Nc1cccc(NC(=O)c2cc(C(=O)O)cc(C(=O)N*)c2)c1,"[""Polyamide""]",10.1016/j.seppur.2019.116017,2020,1.43,m-Phenylenediamine,*Nc1cccc(N*)c1,Trimesoyl chloride,*C(=O)c1cc(C(=O)*)cc(C(=O)*)c1,,MEDIUM,Chemistry-based default
738,G1,*Nc1cccc(NC(=O)c2cc(C(=O)O)cc(C(=O)N*)c2)c1,"[""Polyamide"",""Graphene oxide""]",10.1016/j.seppur.2019.116017,2020,1.49,m-Phenylenediamine,*Nc1cccc(N*)c1,Trimesoyl chloride,*C(=O)c1cc(C(=O)*)cc(C(=O)*)c1,,MEDIUM,Chemistry-based default
739,G2,*Nc1cccc(NC(=O)c2cc(C(=O)O)cc(C(=O)N*)c2)c1,"[""Polyamide"",""Graphene oxide""]",10.1016/j.seppur.2019.116017,2020,1.51,m-Phenylenediamine,*Nc1cccc(N*)c1,Trimesoyl chloride,*C(=O)c1cc(C(=O)*)cc(C(=O)*)c1,,MEDIUM,Chemistry-based default
740,G3,*Nc1cccc(NC(=O)c2cc(C(=O)O)cc(C(=O)N*)c2)c1,"[""Polyamide"",""Graphene oxide""]",10.1016/j.seppur.2019.116017,2020,1.74,m-Phenylenediamine,*Nc1cccc(N*)c1,Trimesoyl chloride,*C(=O)c1cc(C(=O)*)cc(C(=O)*)c1,,MEDIUM,Chemistry-based default
741,G4,*Nc1cccc(NC(=O)c2cc(C(=O)O)cc(C(=O)N*)c2)c1,"[""Polyamide"",""Graphene oxide""]",10.1016/j.seppur.2019.116017,2020,2.18,m-Phenylenediamine,*Nc1cccc(N*)c1,Trimesoyl chloride,*C(=O)c1cc(C(=O)*)cc(C(=O)*)c1,,MEDIUM,Chemistry-based default
742,M1,*Nc1cccc(NC(=O)c2cc(C(=O)O)cc(C(=O)N*)c2)c1,"[""Polyamide"",""Other""]",10.1016/j.seppur.2019.116017,2020,1.33,m-Phenylenediamine,*Nc1cccc(N*)c1,Trimesoyl chloride,*C(=O)c1cc(C(=O)*)cc(C(=O)*)c1,,MEDIUM,Chemistry-based default
743,M2,*Nc1cccc(NC(=O)c2cc(C(=O)O)cc(C(=O)N*)c2)c1,"[""Polyamide"",""Other""]",10.1016/j.seppur.2019.116017,2020,1.51,m-Phenylenediamine,*Nc1cccc(N*)c1,Trimesoyl chloride,*C(=O)c1cc(C(=O)*)cc(C(=O)*)c1,,MEDIUM,Chemistry-based default
745,M3,*Nc1cccc(NC(=O)c2cc(C(=O)O)cc(C(=O)N*)c2)c1,"[""Polyamide"",""Other""]",10.1016/j.seppur.2019.116017,2020,1.8,m-Phenylenediamine,*Nc1cccc(N*)c1,Trimesoyl chloride,*C(=O)c1cc(C(=O)*)cc(C(=O)*)c1,,MEDIUM,Chemistry-based default
746,M4,*Nc1cccc(NC(=O)c2cc(C(=O)O)cc(C(=O)N*)c2)c1,"[""Polyamide"",""Other""]",10.1016/j.seppur.2019.116017,2020,1.7,m-Phenylenediamine,*Nc1cccc(N*)c1,Trimesoyl chloride,*C(=O)c1cc(C(=O)*)cc(C(=O)*)c1,,MEDIUM,Chemistry-based default
747,TFC-hexane,*Nc1cccc(NC(=O)c2cc(C(=O)O)cc(C(=O)N*)c2)c1,"[""Polyamide""]",10.1021/acs.est.2c01140,2022,2.19,m-Phenylenediamine,*Nc1cccc(N*)c1,Trimesoyl chloride,*C(=O)c1cc(C(=O)*)cc(C(=O)*)c1,,MEDIUM,Chemistry-based default
748,TFC-toluene,*Nc1cccc(NC(=O)c2cc(C(=O)O)cc(C(=O)N*)c2)c1,"[""Polyamide""]",10.1021/acs.est.2c01140,2022,2.19,m-Phenylenediamine,*Nc1cccc(N*)c1,Trimesoyl chloride,*C(=O)c1cc(C(=O)*)cc(C(=O)*)c1,,MEDIUM,Chemistry-based default
749,TFC-diethyl ether,*Nc1cccc(NC(=O)c2cc(C(=O)O)cc(C(=O)N*)c2)c1,"[""Polyamide""]",10.1021/acs.est.2c01140,2022,2.64,m-Phenylenediamine,*Nc1cccc(N*)c1,Trimesoyl chloride,*C(=O)c1cc(C(=O)*)cc(C(=O)*)c1,,MEDIUM,Chemistry-based default
750,TFC-methanol,*Nc1cccc(NC(=O)c2cc(C(=O)O)cc(C(=O)N*)c2)c1,"[""Polyamide""]",10.1021/acs.est.2c01140,2022,3.2,m-Phenylenediamine,*Nc1cccc(N*)c1,Trimesoyl chloride,*C(=O)c1cc(C(=O)*)cc(C(=O)*)c1,,MEDIUM,Chemistry-based default
751,Bare g-C3N4,*Nc1cccc(NC(=O)c2cc(C(=O)O)cc(C(=O)N*)c2)c1,"[""Polyamide"",""Other""]",10.1016/j.seppur.2019.116134,2020,3.96,m-Phenylenediamine,*Nc1cccc(N*)c1,Trimesoyl chloride,*C(=O)c1cc(C(=O)*)cc(C(=O)*)c1,,MEDIUM,Chemistry-based default
752,TFC-acetone,*Nc1cccc(NC(=O)c2cc(C(=O)O)cc(C(=O)N*)c2)c1,"[""Polyamide""]",10.1021/acs.est.2c01140,2022,3.44,m-Phenylenediamine,*Nc1cccc(N*)c1,Trimesoyl chloride,*C(=O)c1cc(C(=O)*)cc(C(=O)*)c1,,MEDIUM,Chemistry-based default
753,TFC-0 acetone,*Nc1cccc(NC(=O)c2cc(C(=O)O)cc(C(=O)N*)c2)c1,"[""Polyamide""]",10.1021/acs.est.2c01140,2022,2.21,m-Phenylenediamine,*Nc1cccc(N*)c1,Trimesoyl chloride,*C(=O)c1cc(C(=O)*)cc(C(=O)*)c1,,MEDIUM,Chemistry-based default
754,g-C3N4-COOH (chloroacetic acid),*Nc1cccc(NC(=O)c2cc(C(=O)O)cc(C(=O)N*)c2)c1,"[""Polyamide"",""Other""]",10.1016/j.seppur.2019.116134,2020,6.12,m-Phenylenediamine,*Nc1cccc(N*)c1,Trimesoyl chloride,*C(=O)c1cc(C(=O)*)cc(C(=O)*)c1,,MEDIUM,Chemistry-based default
755,TFC-0.2 acetone,*Nc1cccc(NC(=O)c2cc(C(=O)O)cc(C(=O)N*)c2)c1,"[""Polyamide""]",10.1021/acs.est.2c01140,2022,2.76,m-Phenylenediamine,*Nc1cccc(N*)c1,Trimesoyl chloride,*C(=O)c1cc(C(=O)*)cc(C(=O)*)c1,,MEDIUM,Chemistry-based default
756,g-C3N4-COOH (oxalyl chloride),*Nc1cccc(NC(=O)c2cc(C(=O)O)cc(C(=O)N*)c2)c1,"[""Polyamide"",""Other""]",10.1016/j.seppur.2019.116134,2020,6,m-Phenylenediamine,*Nc1cccc(N*)c1,Trimesoyl chloride,*C(=O)c1cc(C(=O)*)cc(C(=O)*)c1,,MEDIUM,Chemistry-based default
757,TFC-0.4 acetone,*Nc1cccc(NC(=O)c2cc(C(=O)O)cc(C(=O)N*)c2)c1,"[""Polyamide""]",10.1021/acs.est.2c01140,2022,3.44,m-Phenylenediamine,*Nc1cccc(N*)c1,Trimesoyl chloride,*C(=O)c1cc(C(=O)*)cc(C(=O)*)c1,,MEDIUM,Chemistry-based default
758,TFC-0.6 acetone,*Nc1cccc(NC(=O)c2cc(C(=O)O)cc(C(=O)N*)c2)c1,"[""Polyamide""]",10.1021/acs.est.2c01140,2022,3.77,m-Phenylenediamine,*Nc1cccc(N*)c1,Trimesoyl chloride,*C(=O)c1cc(C(=O)*)cc(C(=O)*)c1,,MEDIUM,Chemistry-based default
759,g-C3N4-COOH (nitric acid),*Nc1cccc(NC(=O)c2cc(C(=O)O)cc(C(=O)N*)c2)c1,"[""Polyamide"",""Other""]",10.1016/j.seppur.2019.116134,2020,4.65,m-Phenylenediamine,*Nc1cccc(N*)c1,Trimesoyl chloride,*C(=O)c1cc(C(=O)*)cc(C(=O)*)c1,,MEDIUM,Chemistry-based default
760,TFC-0.8 acetone,*Nc1cccc(NC(=O)c2cc(C(=O)O)cc(C(=O)N*)c2)c1,"[""Polyamide""]",10.1021/acs.est.2c01140,2022,4.01,m-Phenylenediamine,*Nc1cccc(N*)c1,Trimesoyl chloride,*C(=O)c1cc(C(=O)*)cc(C(=O)*)c1,,MEDIUM,Chemistry-based default
761,TFC-1.2 acetone,*Nc1cccc(NC(=O)c2cc(C(=O)O)cc(C(=O)N*)c2)c1,"[""Polyamide""]",10.1021/acs.est.2c01140,2022,4.94,m-Phenylenediamine,*Nc1cccc(N*)c1,Trimesoyl chloride,*C(=O)c1cc(C(=O)*)cc(C(=O)*)c1,,MEDIUM,Chemistry-based default
762,g-C3N4-COOH (maleic anhydride),*Nc1cccc(NC(=O)c2cc(C(=O)O)cc(C(=O)N*)c2)c1,"[""Polyamide"",""Other""]",10.1016/j.seppur.2019.116134,2020,4.55,m-Phenylenediamine,*Nc1cccc(N*)c1,Trimesoyl chloride,*C(=O)c1cc(C(=O)*)cc(C(=O)*)c1,,MEDIUM,Chemistry-based default
763,g-C3N4-COOH (MPBA),*Nc1cccc(NC(=O)c2cc(C(=O)O)cc(C(=O)N*)c2)c1,"[""Polyamide"",""Other""]",10.1016/j.seppur.2019.116134,2020,4.99,m-Phenylenediamine,*Nc1cccc(N*)c1,Trimesoyl chloride,*C(=O)c1cc(C(=O)*)cc(C(=O)*)c1,,MEDIUM,Chemistry-based default
764,"g-C3N4-SO3H (1,4-Butane sultone)",*Nc1cccc(NC(=O)c2cc(C(=O)O)cc(C(=O)N*)c2)c1,"[""Polyamide"",""Other""]",10.1016/j.seppur.2019.116134,2020,4.87,m-Phenylenediamine,*Nc1cccc(N*)c1,Trimesoyl chloride,*C(=O)c1cc(C(=O)*)cc(C(=O)*)c1,,MEDIUM,Chemistry-based default
765,g-C3N4-SO3H (chlorosulfonic acid),*Nc1cccc(NC(=O)c2cc(C(=O)O)cc(C(=O)N*)c2)c1,"[""Polyamide"",""Other""]",10.1016/j.seppur.2019.116134,2020,4.43,m-Phenylenediamine,*Nc1cccc(N*)c1,Trimesoyl chloride,*C(=O)c1cc(C(=O)*)cc(C(=O)*)c1,,MEDIUM,Chemistry-based default
766,g-C3N4-OH (epichlorohydrine),*Nc1cccc(NC(=O)c2cc(C(=O)O)cc(C(=O)N*)c2)c1,"[""Polyamide"",""Other""]",10.1016/j.seppur.2019.116134,2020,3.63,m-Phenylenediamine,*Nc1cccc(N*)c1,Trimesoyl chloride,*C(=O)c1cc(C(=O)*)cc(C(=O)*)c1,,MEDIUM,Chemistry-based default
767,g-C3N4 (sulfuric acid),*Nc1cccc(NC(=O)c2cc(C(=O)O)cc(C(=O)N*)c2)c1,"[""Polyamide"",""Other""]",10.1016/j.seppur.2019.116134,2020,4.98,m-Phenylenediamine,*Nc1cccc(N*)c1,Trimesoyl chloride,*C(=O)c1cc(C(=O)*)cc(C(=O)*)c1,,MEDIUM,Chemistry-based default
768,RO-PVP6,*Nc1cccc(NC(=O)c2cc(C(=O)O)cc(C(=O)N*)c2)c1,"[""Polyamide""]",10.1016/j.memsci.2022.120966,2022,1.35,m-Phenylenediamine,*Nc1cccc(N*)c1,Trimesoyl chloride,*C(=O)c1cc(C(=O)*)cc(C(=O)*)c1,,MEDIUM,Chemistry-based default
769,RO-PVP2,*Nc1cccc(NC(=O)c2cc(C(=O)O)cc(C(=O)N*)c2)c1,"[""Polyamide""]",10.1016/j.memsci.2022.120966,2022,1.82,m-Phenylenediamine,*Nc1cccc(N*)c1,Trimesoyl chloride,*C(=O)c1cc(C(=O)*)cc(C(=O)*)c1,,MEDIUM,Chemistry-based default
770,RO-PVP4,*Nc1cccc(NC(=O)c2cc(C(=O)O)cc(C(=O)N*)c2)c1,"[""Polyamide""]",10.1016/j.memsci.2022.120966,2022,1.59,m-Phenylenediamine,*Nc1cccc(N*)c1,Trimesoyl chloride,*C(=O)c1cc(C(=O)*)cc(C(=O)*)c1,,MEDIUM,Chemistry-based default
771,RO-PVP6+,*Nc1cccc(NC(=O)c2cc(C(=O)O)cc(C(=O)N*)c2)c1,"[""Polyamide""]",10.1016/j.memsci.2022.120966,2022,1.48,m-Phenylenediamine,*Nc1cccc(N*)c1,Trimesoyl chloride,*C(=O)c1cc(C(=O)*)cc(C(=O)*)c1,,MEDIUM,Chemistry-based default
777,PDA-2h-PA,*Nc1cccc(NC(=O)c2cc(C(=O)O)cc(C(=O)N*)c2)c1,"[""Polyamide""]",10.1016/j.memsci.2022.121029,2022,1.66,m-Phenylenediamine,*Nc1cccc(N*)c1,Trimesoyl chloride,*C(=O)c1cc(C(=O)*)cc(C(=O)*)c1,,MEDIUM,Chemistry-based default
784,PA,*Nc1cccc(NC(=O)c2cc(C(=O)O)cc(C(=O)N*)c2)c1,"[""Polyamide""]",10.1016/j.memsci.2022.121029,2022,1.71,m-Phenylenediamine,*Nc1cccc(N*)c1,Trimesoyl chloride,*C(=O)c1cc(C(=O)*)cc(C(=O)*)c1,,MEDIUM,Chemistry-based default
786,TZ-2,*Nc1cccc(NC(=O)c2cc(C(=O)O)cc(C(=O)N*)c2)c1,"[""Polyamide"",""Other""]",10.1016/j.seppur.2020.116990,2020,1.24,m-Phenylenediamine,*Nc1cccc(N*)c1,Trimesoyl chloride,*C(=O)c1cc(C(=O)*)cc(C(=O)*)c1,,MEDIUM,Chemistry-based default
787,TZ-3,*Nc1cccc(NC(=O)c2cc(C(=O)O)cc(C(=O)N*)c2)c1,"[""Polyamide"",""Other""]",10.1016/j.seppur.2020.116990,2020,1.01,m-Phenylenediamine,*Nc1cccc(N*)c1,Trimesoyl chloride,*C(=O)c1cc(C(=O)*)cc(C(=O)*)c1,,MEDIUM,Chemistry-based default
788,TZ-4,*Nc1cccc(NC(=O)c2cc(C(=O)O)cc(C(=O)N*)c2)c1,"[""Polyamide"",""Other""]",10.1016/j.seppur.2020.116990,2020,0.9,m-Phenylenediamine,*Nc1cccc(N*)c1,Trimesoyl chloride,*C(=O)c1cc(C(=O)*)cc(C(=O)*)c1,,MEDIUM,Chemistry-based default
789,M-0,*Nc1cccc(NC(=O)c2cc(C(=O)O)cc(C(=O)N*)c2)c1,"[""Polyamide""]",10.1016/j.seppur.2020.116990,2020,0.78,m-Phenylenediamine,*Nc1cccc(N*)c1,Trimesoyl chloride,*C(=O)c1cc(C(=O)*)cc(C(=O)*)c1,,MEDIUM,Chemistry-based default
790,Z-2,*Nc1cccc(NC(=O)c2cc(C(=O)O)cc(C(=O)N*)c2)c1,"[""Polyamide"",""Other""]",10.1016/j.seppur.2020.116990,2020,0.78,m-Phenylenediamine,*Nc1cccc(N*)c1,Trimesoyl chloride,*C(=O)c1cc(C(=O)*)cc(C(=O)*)c1,,MEDIUM,Chemistry-based default
791,0.0% PZ@ZIF-8,*Nc1cccc(NC(=O)c2cc(C(=O)O)cc(C(=O)N*)c2)c1,"[""Polyamide"",""Metal-organic framework""]",10.1021/acs.est.0c07122,2021,2.04,m-Phenylenediamine,*Nc1cccc(N*)c1,Trimesoyl chloride,*C(=O)c1cc(C(=O)*)cc(C(=O)*)c1,,MEDIUM,Chemistry-based default
792,0.1% PZ@ZIF-8,*Nc1cccc(NC(=O)c2cc(C(=O)O)cc(C(=O)N*)c2)c1,"[""Polyamide"",""Metal-organic framework""]",10.1021/acs.est.0c07122,2021,2.61,m-Phenylenediamine,*Nc1cccc(N*)c1,Trimesoyl chloride,*C(=O)c1cc(C(=O)*)cc(C(=O)*)c1,,MEDIUM,Chemistry-based default
793,0.2% PZ@ZIF-8,*Nc1cccc(NC(=O)c2cc(C(=O)O)cc(C(=O)N*)c2)c1,"[""Polyamide"",""Metal-organic framework""]",10.1021/acs.est.0c07122,2021,3.15,m-Phenylenediamine,*Nc1cccc(N*)c1,Trimesoyl chloride,*C(=O)c1cc(C(=O)*)cc(C(=O)*)c1,,MEDIUM,Chemistry-based default
794,0.3% PZ@ZIF-8,*Nc1cccc(NC(=O)c2cc(C(=O)O)cc(C(=O)N*)c2)c1,"[""Polyamide"",""Metal-organic framework""]",10.1021/acs.est.0c07122,2021,3.1,m-Phenylenediamine,*Nc1cccc(N*)c1,Trimesoyl chloride,*C(=O)c1cc(C(=O)*)cc(C(=O)*)c1,,MEDIUM,Chemistry-based default
795,0.4% PZ@ZIF-8,*Nc1cccc(NC(=O)c2cc(C(=O)O)cc(C(=O)N*)c2)c1,"[""Polyamide"",""Metal-organic framework""]",10.1021/acs.est.0c07122,2021,3.04,m-Phenylenediamine,*Nc1cccc(N*)c1,Trimesoyl chloride,*C(=O)c1cc(C(=O)*)cc(C(=O)*)c1,,MEDIUM,Chemistry-based default
802,PM,*Nc1cccc(NC(=O)c2cc(C(=O)O)cc(C(=O)N*)c2)c1,"[""Polyamide""]",10.1016/j.seppur.2020.117736,2021,1.51,m-Phenylenediamine,*Nc1cccc(N*)c1,Trimesoyl chloride,*C(=O)c1cc(C(=O)*)cc(C(=O)*)c1,,MEDIUM,Chemistry-based default
803,VM,*Nc1cccc(NC(=O)c2cc(C(=O)O)cc(C(=O)N*)c2)c1,"[""Polyamide"",""Other""]",10.1016/j.seppur.2020.117736,2021,1.43,m-Phenylenediamine,*Nc1cccc(N*)c1,Trimesoyl chloride,*C(=O)c1cc(C(=O)*)cc(C(=O)*)c1,,MEDIUM,Chemistry-based default
804,HBM,*Nc1cccc(NC(=O)c2cc(C(=O)O)cc(C(=O)N*)c2)c1,"[""Polyamide"",""Other""]",10.1016/j.seppur.2020.117736,2021,1.49,m-Phenylenediamine,*Nc1cccc(N*)c1,Trimesoyl chloride,*C(=O)c1cc(C(=O)*)cc(C(=O)*)c1,,MEDIUM,Chemistry-based default
805,AAM,*Nc1cccc(NC(=O)c2cc(C(=O)O)cc(C(=O)N*)c2)c1,"[""Polyamide"",""Other""]",10.1016/j.seppur.2020.117736,2021,1.48,m-Phenylenediamine,*Nc1cccc(N*)c1,Trimesoyl chloride,*C(=O)c1cc(C(=O)*)cc(C(=O)*)c1,,MEDIUM,Chemistry-based default
806,pristine membrane,*Nc1cccc(NC(=O)c2cc(C(=O)O)cc(C(=O)N*)c2)c1,"[""Polyamide""]",10.1016/j.seppur.2020.117586,2021,3.98,m-Phenylenediamine,*Nc1cccc(N*)c1,Trimesoyl chloride,*C(=O)c1cc(C(=O)*)cc(C(=O)*)c1,,MEDIUM,Chemistry-based default
807,GO1,*Nc1cccc(NC(=O)c2cc(C(=O)O)cc(C(=O)N*)c2)c1,"[""Polyamide"",""Graphene oxide""]",10.1016/j.seppur.2020.117586,2021,3.8,m-Phenylenediamine,*Nc1cccc(N*)c1,Trimesoyl chloride,*C(=O)c1cc(C(=O)*)cc(C(=O)*)c1,,MEDIUM,Chemistry-based default
808,GO2,*Nc1cccc(NC(=O)c2cc(C(=O)O)cc(C(=O)N*)c2)c1,"[""Polyamide"",""Graphene oxide""]",10.1016/j.seppur.2020.117586,2021,3.56,m-Phenylenediamine,*Nc1cccc(N*)c1,Trimesoyl chloride,*C(=O)c1cc(C(=O)*)cc(C(=O)*)c1,,MEDIUM,Chemistry-based default
809,GO3,*Nc1cccc(NC(=O)c2cc(C(=O)O)cc(C(=O)N*)c2)c1,"[""Polyamide"",""Graphene oxide""]",10.1016/j.seppur.2020.117586,2021,3.68,m-Phenylenediamine,*Nc1cccc(N*)c1,Trimesoyl chloride,*C(=O)c1cc(C(=O)*)cc(C(=O)*)c1,,MEDIUM,Chemistry-based default
810,GO4,*Nc1cccc(NC(=O)c2cc(C(=O)O)cc(C(=O)N*)c2)c1,"[""Polyamide"",""Graphene oxide""]",10.1016/j.seppur.2020.117586,2021,3.42,m-Phenylenediamine,*Nc1cccc(N*)c1,Trimesoyl chloride,*C(=O)c1cc(C(=O)*)cc(C(=O)*)c1,,MEDIUM,Chemistry-based default
811,GO5,*Nc1cccc(NC(=O)c2cc(C(=O)O)cc(C(=O)N*)c2)c1,"[""Polyamide"",""Graphene oxide""]",10.1016/j.seppur.2020.117586,2021,2.9,m-Phenylenediamine,*Nc1cccc(N*)c1,Trimesoyl chloride,*C(=O)c1cc(C(=O)*)cc(C(=O)*)c1,,MEDIUM,Chemistry-based default
812,TFC-80,*Nc1cccc(NC(=O)c2cc(C(=O)O)cc(C(=O)N*)c2)c1,"[""Polyamide""]",10.1021/acs.est.0c01427,2020,0.22,m-Phenylenediamine,*Nc1cccc(N*)c1,Trimesoyl chloride,*C(=O)c1cc(C(=O)*)cc(C(=O)*)c1,,MEDIUM,Chemistry-based default
813,TFC-PES1,*Nc1cccc(NC(=O)c2cc(C(=O)O)cc(C(=O)N*)c2)c1,"[""Polyamide""]",10.1021/acs.est.0c01427,2020,0.88,m-Phenylenediamine,*Nc1cccc(N*)c1,Trimesoyl chloride,*C(=O)c1cc(C(=O)*)cc(C(=O)*)c1,,MEDIUM,Chemistry-based default
814,TFC-PES2,*Nc1cccc(NC(=O)c2cc(C(=O)O)cc(C(=O)N*)c2)c1,"[""Polyamide""]",10.1021/acs.est.0c01427,2020,1.06,m-Phenylenediamine,*Nc1cccc(N*)c1,Trimesoyl chloride,*C(=O)c1cc(C(=O)*)cc(C(=O)*)c1,,MEDIUM,Chemistry-based default
815,TFC-PSf,*Nc1cccc(NC(=O)c2cc(C(=O)O)cc(C(=O)N*)c2)c1,"[""Polyamide""]",10.1021/acs.est.0c01427,2020,2.18,m-Phenylenediamine,*Nc1cccc(N*)c1,Trimesoyl chloride,*C(=O)c1cc(C(=O)*)cc(C(=O)*)c1,,MEDIUM,Chemistry-based default
817,PA,*Nc1cccc(NC(=O)c2cc(C(=O)O)cc(C(=O)N*)c2)c1,"[""Polyamide""]",10.1016/j.seppur.2020.117980,2021,1.12,m-Phenylenediamine,*Nc1cccc(N*)c1,Trimesoyl chloride,*C(=O)c1cc(C(=O)*)cc(C(=O)*)c1,,MEDIUM,Chemistry-based default
818,PA/CN10,*Nc1cccc(NC(=O)c2cc(C(=O)O)cc(C(=O)N*)c2)c1,"[""Polyamide"",""Other""]",10.1016/j.seppur.2020.117980,2021,1.28,m-Phenylenediamine,*Nc1cccc(N*)c1,Trimesoyl chloride,*C(=O)c1cc(C(=O)*)cc(C(=O)*)c1,,MEDIUM,Chemistry-based default
819,PA/CN20,*Nc1cccc(NC(=O)c2cc(C(=O)O)cc(C(=O)N*)c2)c1,"[""Polyamide"",""Other""]",10.1016/j.seppur.2020.117980,2021,1.28,m-Phenylenediamine,*Nc1cccc(N*)c1,Trimesoyl chloride,*C(=O)c1cc(C(=O)*)cc(C(=O)*)c1,,MEDIUM,Chemistry-based default
820,PA/CN50,*Nc1cccc(NC(=O)c2cc(C(=O)O)cc(C(=O)N*)c2)c1,"[""Polyamide"",""Other""]",10.1016/j.seppur.2020.117980,2021,1.35,m-Phenylenediamine,*Nc1cccc(N*)c1,Trimesoyl chloride,*C(=O)c1cc(C(=O)*)cc(C(=O)*)c1,,MEDIUM,Chemistry-based default
821,PA/CN100,*Nc1cccc(NC(=O)c2cc(C(=O)O)cc(C(=O)N*)c2)c1,"[""Polyamide"",""Other""]",10.1016/j.seppur.2020.117980,2021,1.74,m-Phenylenediamine,*Nc1cccc(N*)c1,Trimesoyl chloride,*C(=O)c1cc(C(=O)*)cc(C(=O)*)c1,,MEDIUM,Chemistry-based default
822,PA/CN150,*Nc1cccc(NC(=O)c2cc(C(=O)O)cc(C(=O)N*)c2)c1,"[""Polyamide"",""Other""]",10.1016/j.seppur.2020.117980,2021,1.26,m-Phenylenediamine,*Nc1cccc(N*)c1,Trimesoyl chloride,*C(=O)c1cc(C(=O)*)cc(C(=O)*)c1,,MEDIUM,Chemistry-based default
823,TFN-Control,*Nc1cccc(NC(=O)c2cc(C(=O)O)cc(C(=O)N*)c2)c1,"[""Polyamide""]",10.1021/acs.estlett.0c00507,2020,1.51,m-Phenylenediamine,*Nc1cccc(N*)c1,Trimesoyl chloride,*C(=O)c1cc(C(=O)*)cc(C(=O)*)c1,,HIGH,ES&T Letters - PA membrane study
824,TFN-mS-0.01,*Nc1cccc(NC(=O)c2cc(C(=O)O)cc(C(=O)N*)c2)c1,"[""Polyamide""]",10.1021/acs.estlett.0c00507,2020,1.53,m-Phenylenediamine,*Nc1cccc(N*)c1,Trimesoyl chloride,*C(=O)c1cc(C(=O)*)cc(C(=O)*)c1,,HIGH,ES&T Letters - PA membrane study
825,TFN-mS-0.025,*Nc1cccc(NC(=O)c2cc(C(=O)O)cc(C(=O)N*)c2)c1,"[""Polyamide""]",10.1021/acs.estlett.0c00507,2020,1.46,m-Phenylenediamine,*Nc1cccc(N*)c1,Trimesoyl chloride,*C(=O)c1cc(C(=O)*)cc(C(=O)*)c1,,HIGH,ES&T Letters - PA membrane study
826,TFN-mS-0.05,*Nc1cccc(NC(=O)c2cc(C(=O)O)cc(C(=O)N*)c2)c1,"[""Polyamide""]",10.1021/acs.estlett.0c00507,2020,1.53,m-Phenylenediamine,*Nc1cccc(N*)c1,Trimesoyl chloride,*C(=O)c1cc(C(=O)*)cc(C(=O)*)c1,,HIGH,ES&T Letters - PA membrane study
827,TFN-mS-0.10,*Nc1cccc(NC(=O)c2cc(C(=O)O)cc(C(=O)N*)c2)c1,"[""Polyamide""]",10.1021/acs.estlett.0c00507,2020,1.56,m-Phenylenediamine,*Nc1cccc(N*)c1,Trimesoyl chloride,*C(=O)c1cc(C(=O)*)cc(C(=O)*)c1,,HIGH,ES&T Letters - PA membrane study
828,TFN-S-0.01,*Nc1cccc(NC(=O)c2cc(C(=O)O)cc(C(=O)N*)c2)c1,"[""Polyamide""]",10.1021/acs.estlett.0c00507,2020,1.5,m-Phenylenediamine,*Nc1cccc(N*)c1,Trimesoyl chloride,*C(=O)c1cc(C(=O)*)cc(C(=O)*)c1,,HIGH,ES&T Letters - PA membrane study
829,TFN-S-0.025,*Nc1cccc(NC(=O)c2cc(C(=O)O)cc(C(=O)N*)c2)c1,"[""Polyamide""]",10.1021/acs.estlett.0c00507,2020,1.71,m-Phenylenediamine,*Nc1cccc(N*)c1,Trimesoyl chloride,*C(=O)c1cc(C(=O)*)cc(C(=O)*)c1,,HIGH,ES&T Letters - PA membrane study
830,TFN-S-0.05,*Nc1cccc(NC(=O)c2cc(C(=O)O)cc(C(=O)N*)c2)c1,"[""Polyamide""]",10.1021/acs.estlett.0c00507,2020,1.86,m-Phenylenediamine,*Nc1cccc(N*)c1,Trimesoyl chloride,*C(=O)c1cc(C(=O)*)cc(C(=O)*)c1,,HIGH,ES&T Letters - PA membrane study
831,TFN-S-0.10,*Nc1cccc(NC(=O)c2cc(C(=O)O)cc(C(=O)N*)c2)c1,"[""Polyamide""]",10.1021/acs.estlett.0c00507,2020,1.93,m-Phenylenediamine,*Nc1cccc(N*)c1,Trimesoyl chloride,*C(=O)c1cc(C(=O)*)cc(C(=O)*)c1,,HIGH,ES&T Letters - PA membrane study
832,TFN-mMCM-0.01,*Nc1cccc(NC(=O)c2cc(C(=O)O)cc(C(=O)N*)c2)c1,"[""Polyamide""]",10.1021/acs.estlett.0c00507,2020,1.62,m-Phenylenediamine,*Nc1cccc(N*)c1,Trimesoyl chloride,*C(=O)c1cc(C(=O)*)cc(C(=O)*)c1,,HIGH,ES&T Letters - PA membrane study
833,TFN-mMCM-0.025,*Nc1cccc(NC(=O)c2cc(C(=O)O)cc(C(=O)N*)c2)c1,"[""Polyamide""]",10.1021/acs.estlett.0c00507,2020,1.81,m-Phenylenediamine,*Nc1cccc(N*)c1,Trimesoyl chloride,*C(=O)c1cc(C(=O)*)cc(C(=O)*)c1,,HIGH,ES&T Letters - PA membrane study
834,TFN-mMCM-0.05,*Nc1cccc(NC(=O)c2cc(C(=O)O)cc(C(=O)N*)c2)c1,"[""Polyamide""]",10.1021/acs.estlett.0c00507,2020,1.89,m-Phenylenediamine,*Nc1cccc(N*)c1,Trimesoyl chloride,*C(=O)c1cc(C(=O)*)cc(C(=O)*)c1,,HIGH,ES&T Letters - PA membrane study
835,TFN-mMCM-0.10,*Nc1cccc(NC(=O)c2cc(C(=O)O)cc(C(=O)N*)c2)c1,"[""Polyamide""]",10.1021/acs.estlett.0c00507,2020,1.95,m-Phenylenediamine,*Nc1cccc(N*)c1,Trimesoyl chloride,*C(=O)c1cc(C(=O)*)cc(C(=O)*)c1,,HIGH,ES&T Letters - PA membrane study
836,TFN-MCM-0.01,*Nc1cccc(NC(=O)c2cc(C(=O)O)cc(C(=O)N*)c2)c1,"[""Polyamide""]",10.1021/acs.estlett.0c00507,2020,2.11,m-Phenylenediamine,*Nc1cccc(N*)c1,Trimesoyl chloride,*C(=O)c1cc(C(=O)*)cc(C(=O)*)c1,,HIGH,ES&T Letters - PA membrane study
837,TFN-MCM-0.025,*Nc1cccc(NC(=O)c2cc(C(=O)O)cc(C(=O)N*)c2)c1,"[""Polyamide""]",10.1021/acs.estlett.0c00507,2020,2.31,m-Phenylenediamine,*Nc1cccc(N*)c1,Trimesoyl chloride,*C(=O)c1cc(C(=O)*)cc(C(=O)*)c1,,HIGH,ES&T Letters - PA membrane study
838,TFN-MCM-0.05,*Nc1cccc(NC(=O)c2cc(C(=O)O)cc(C(=O)N*)c2)c1,"[""Polyamide""]",10.1021/acs.estlett.0c00507,2020,2.54,m-Phenylenediamine,*Nc1cccc(N*)c1,Trimesoyl chloride,*C(=O)c1cc(C(=O)*)cc(C(=O)*)c1,,HIGH,ES&T Letters - PA membrane study
839,TFN-MCM-0.10,*Nc1cccc(NC(=O)c2cc(C(=O)O)cc(C(=O)N*)c2)c1,"[""Polyamide""]",10.1021/acs.estlett.0c00507,2020,2.5,m-Phenylenediamine,*Nc1cccc(N*)c1,Trimesoyl chloride,*C(=O)c1cc(C(=O)*)cc(C(=O)*)c1,,HIGH,ES&T Letters - PA membrane study
842,PA1,*Nc1cccc(NC(=O)c2cc(C(=O)O)cc(C(=O)N*)c2)c1,"[""Polyamide""]",10.1126/science.abb8518,2021,6.39,m-Phenylenediamine,*Nc1cccc(N*)c1,Trimesoyl chloride,*C(=O)c1cc(C(=O)*)cc(C(=O)*)c1,,MEDIUM,Chemistry-based default
843,PA2,*Nc1cccc(NC(=O)c2cc(C(=O)O)cc(C(=O)N*)c2)c1,"[""Polyamide""]",10.1126/science.abb8518,2021,6.88,m-Phenylenediamine,*Nc1cccc(N*)c1,Trimesoyl chloride,*C(=O)c1cc(C(=O)*)cc(C(=O)*)c1,,MEDIUM,Chemistry-based default
844,PA3,*Nc1cccc(NC(=O)c2cc(C(=O)O)cc(C(=O)N*)c2)c1,"[""Polyamide""]",10.1126/science.abb8518,2021,7.62,m-Phenylenediamine,*Nc1cccc(N*)c1,Trimesoyl chloride,*C(=O)c1cc(C(=O)*)cc(C(=O)*)c1,,MEDIUM,Chemistry-based default
845,PA4,*Nc1cccc(NC(=O)c2cc(C(=O)O)cc(C(=O)N*)c2)c1,"[""Polyamide""]",10.1126/science.abb8518,2021,8.36,m-Phenylenediamine,*Nc1cccc(N*)c1,Trimesoyl chloride,*C(=O)c1cc(C(=O)*)cc(C(=O)*)c1,,MEDIUM,Chemistry-based default
846,NC-LAP-0 wt%,*Nc1cccc(NC(=O)c2cc(C(=O)O)cc(C(=O)N*)c2)c1,"[""Polyamide""]",10.1002/admi.201902108,2020,1.764,m-Phenylenediamine,*Nc1cccc(N*)c1,Trimesoyl chloride,*C(=O)c1cc(C(=O)*)cc(C(=O)*)c1,,MEDIUM,Chemistry-based default
847,NC-LAP-0.05 wt%,*Nc1cccc(NC(=O)c2cc(C(=O)O)cc(C(=O)N*)c2)c1,"[""Polyamide""]",10.1002/admi.201902108,2020,2.31,m-Phenylenediamine,*Nc1cccc(N*)c1,Trimesoyl chloride,*C(=O)c1cc(C(=O)*)cc(C(=O)*)c1,,MEDIUM,Chemistry-based default
848,NC-LAP-0.1 wt%,*Nc1cccc(NC(=O)c2cc(C(=O)O)cc(C(=O)N*)c2)c1,"[""Polyamide""]",10.1002/admi.201902108,2020,2.11,m-Phenylenediamine,*Nc1cccc(N*)c1,Trimesoyl chloride,*C(=O)c1cc(C(=O)*)cc(C(=O)*)c1,,MEDIUM,Chemistry-based default
849,NC-LAP-0.2 wt%,*Nc1cccc(NC(=O)c2cc(C(=O)O)cc(C(=O)N*)c2)c1,"[""Polyamide""]",10.1002/admi.201902108,2020,2.11,m-Phenylenediamine,*Nc1cccc(N*)c1,Trimesoyl chloride,*C(=O)c1cc(C(=O)*)cc(C(=O)*)c1,,MEDIUM,Chemistry-based default
850,NC-LAP-0.3 wt%,*Nc1cccc(NC(=O)c2cc(C(=O)O)cc(C(=O)N*)c2)c1,"[""Polyamide""]",10.1002/admi.201902108,2020,2.7,m-Phenylenediamine,*Nc1cccc(N*)c1,Trimesoyl chloride,*C(=O)c1cc(C(=O)*)cc(C(=O)*)c1,,MEDIUM,Chemistry-based default
851,NC-LAP-0.4 wt%,*Nc1cccc(NC(=O)c2cc(C(=O)O)cc(C(=O)N*)c2)c1,"[""Polyamide""]",10.1002/admi.201902108,2020,2.74,m-Phenylenediamine,*Nc1cccc(N*)c1,Trimesoyl chloride,*C(=O)c1cc(C(=O)*)cc(C(=O)*)c1,,MEDIUM,Chemistry-based default
852,M0,*Nc1cccc(NC(=O)c2cc(C(=O)O)cc(C(=O)N*)c2)c1,"[""Polyamide""]",10.1016/j.memsci.2021.119919,2021,2.53,m-Phenylenediamine,*Nc1cccc(N*)c1,Trimesoyl chloride,*C(=O)c1cc(C(=O)*)cc(C(=O)*)c1,,MEDIUM,Chemistry-based default
853,M1,*Nc1cccc(NC(=O)c2cc(C(=O)O)cc(C(=O)N*)c2)c1,"[""Polyamide""]",10.1016/j.memsci.2021.119919,2021,3.91,m-Phenylenediamine,*Nc1cccc(N*)c1,Trimesoyl chloride,*C(=O)c1cc(C(=O)*)cc(C(=O)*)c1,,MEDIUM,Chemistry-based default
854,M3,*Nc1cccc(NC(=O)c2cc(C(=O)O)cc(C(=O)N*)c2)c1,"[""Polyamide""]",10.1016/j.memsci.2021.119919,2021,4.16,m-Phenylenediamine,*Nc1cccc(N*)c1,Trimesoyl chloride,*C(=O)c1cc(C(=O)*)cc(C(=O)*)c1,,MEDIUM,Chemistry-based default
855,Control,*Nc1cccc(NC(=O)c2cc(C(=O)O)cc(C(=O)N*)c2)c1,"[""Polyamide""]",10.1016/j.watres.2020.116203,2020,2.96,m-Phenylenediamine,*Nc1cccc(N*)c1,Trimesoyl chloride,*C(=O)c1cc(C(=O)*)cc(C(=O)*)c1,,MEDIUM,Chemistry-based default
856,VAS,*Nc1cccc(NC(=O)c2cc(C(=O)O)cc(C(=O)N*)c2)c1,"[""Polyamide""]",10.1016/j.watres.2020.116203,2020,3.24,m-Phenylenediamine,*Nc1cccc(N*)c1,Trimesoyl chloride,*C(=O)c1cc(C(=O)*)cc(C(=O)*)c1,,MEDIUM,Chemistry-based default
857,HOSA,*Nc1cccc(NC(=O)c2cc(C(=O)O)cc(C(=O)N*)c2)c1,"[""Polyamide""]",10.1016/j.watres.2020.116203,2020,2.07,m-Phenylenediamine,*Nc1cccc(N*)c1,Trimesoyl chloride,*C(=O)c1cc(C(=O)*)cc(C(=O)*)c1,,MEDIUM,Chemistry-based default
858,TFC,*Nc1cccc(NC(=O)c2cc(C(=O)O)cc(C(=O)N*)c2)c1,"[""Polyamide""]",10.1016/j.watres.2022.118375,2022,3.21,m-Phenylenediamine,*Nc1cccc(N*)c1,Trimesoyl chloride,*C(=O)c1cc(C(=O)*)cc(C(=O)*)c1,,MEDIUM,Chemistry-based default
859,Cu/PDA-0.5/TFC,*Nc1cccc(NC(=O)c2cc(C(=O)O)cc(C(=O)N*)c2)c1,"[""Polyamide""]",10.1016/j.watres.2022.118375,2022,2.61,m-Phenylenediamine,*Nc1cccc(N*)c1,Trimesoyl chloride,*C(=O)c1cc(C(=O)*)cc(C(=O)*)c1,,MEDIUM,Chemistry-based default
860,Cu/PDA-1/TFC,*Nc1cccc(NC(=O)c2cc(C(=O)O)cc(C(=O)N*)c2)c1,"[""Polyamide""]",10.1016/j.watres.2022.118375,2022,2.89,m-Phenylenediamine,*Nc1cccc(N*)c1,Trimesoyl chloride,*C(=O)c1cc(C(=O)*)cc(C(=O)*)c1,,MEDIUM,Chemistry-based default
861,Cu/PDA-2/TFC,*Nc1cccc(NC(=O)c2cc(C(=O)O)cc(C(=O)N*)c2)c1,"[""Polyamide""]",10.1016/j.watres.2022.118375,2022,3.21,m-Phenylenediamine,*Nc1cccc(N*)c1,Trimesoyl chloride,*C(=O)c1cc(C(=O)*)cc(C(=O)*)c1,,MEDIUM,Chemistry-based default
862,NC-LAP-0.3-wt%-Dip-Coating-20s,*Nc1cccc(NC(=O)c2cc(C(=O)O)cc(C(=O)N*)c2)c1,"[""Polyamide""]",10.1002/admi.201902108,2020,1.714,m-Phenylenediamine,*Nc1cccc(N*)c1,Trimesoyl chloride,*C(=O)c1cc(C(=O)*)cc(C(=O)*)c1,,MEDIUM,Chemistry-based default
863,NC-LAP-0.3 wt%-Dip-Coating-30s,*Nc1cccc(NC(=O)c2cc(C(=O)O)cc(C(=O)N*)c2)c1,"[""Polyamide""]",10.1002/admi.201902108,2020,2.1712,m-Phenylenediamine,*Nc1cccc(N*)c1,Trimesoyl chloride,*C(=O)c1cc(C(=O)*)cc(C(=O)*)c1,,MEDIUM,Chemistry-based default
864,NC-LAP-0.3 wt%-Dip-Coating-40s,*Nc1cccc(NC(=O)c2cc(C(=O)O)cc(C(=O)N*)c2)c1,"[""Polyamide""]",10.1002/admi.201902108,2020,2.2473,m-Phenylenediamine,*Nc1cccc(N*)c1,Trimesoyl chloride,*C(=O)c1cc(C(=O)*)cc(C(=O)*)c1,,MEDIUM,Chemistry-based default
865,NC-LAP-0.3 wt%-Dip-Coating-60s,*Nc1cccc(NC(=O)c2cc(C(=O)O)cc(C(=O)N*)c2)c1,"[""Polyamide""]",10.1002/admi.201902108,2020,2.7,m-Phenylenediamine,*Nc1cccc(N*)c1,Trimesoyl chloride,*C(=O)c1cc(C(=O)*)cc(C(=O)*)c1,,MEDIUM,Chemistry-based default
866,NC-LAP-0.3 wt%-Dip-Coating-80s,*Nc1cccc(NC(=O)c2cc(C(=O)O)cc(C(=O)N*)c2)c1,"[""Polyamide""]",10.1002/admi.201902108,2020,1.8633,m-Phenylenediamine,*Nc1cccc(N*)c1,Trimesoyl chloride,*C(=O)c1cc(C(=O)*)cc(C(=O)*)c1,,MEDIUM,Chemistry-based default
867,VIR-RO,*Nc1cccc(NC(=O)c2cc(C(=O)O)cc(C(=O)N*)c2)c1,"[""Polyamide""]",10.1016/j.memsci.2022.121158,2022,4.94,m-Phenylenediamine,*Nc1cccc(N*)c1,Trimesoyl chloride,*C(=O)c1cc(C(=O)*)cc(C(=O)*)c1,,MEDIUM,Chemistry-based default
868,AM-RO,*Nc1cccc(NC(=O)c2cc(C(=O)O)cc(C(=O)N*)c2)c1,"[""Polyamide""]",10.1016/j.memsci.2022.121158,2022,5.45,m-Phenylenediamine,*Nc1cccc(N*)c1,Trimesoyl chloride,*C(=O)c1cc(C(=O)*)cc(C(=O)*)c1,,MEDIUM,Chemistry-based default
869,MAM-RO,*Nc1cccc(NC(=O)c2cc(C(=O)O)cc(C(=O)N*)c2)c1,"[""Polyamide""]",10.1016/j.memsci.2022.121158,2022,5.72,m-Phenylenediamine,*Nc1cccc(N*)c1,Trimesoyl chloride,*C(=O)c1cc(C(=O)*)cc(C(=O)*)c1,,MEDIUM,Chemistry-based default
870,SA-RO,*Nc1cccc(NC(=O)c2cc(C(=O)O)cc(C(=O)N*)c2)c1,"[""Polyamide""]",10.1016/j.memsci.2022.121158,2022,5.1,m-Phenylenediamine,*Nc1cccc(N*)c1,Trimesoyl chloride,*C(=O)c1cc(C(=O)*)cc(C(=O)*)c1,,MEDIUM,Chemistry-based default
871,AM-UV,*Nc1cccc(NC(=O)c2cc(C(=O)O)cc(C(=O)N*)c2)c1,"[""Polyamide""]",10.1016/j.memsci.2022.121158,2022,6.16,m-Phenylenediamine,*Nc1cccc(N*)c1,Trimesoyl chloride,*C(=O)c1cc(C(=O)*)cc(C(=O)*)c1,,MEDIUM,Chemistry-based default
872,MAM-UV,*Nc1cccc(NC(=O)c2cc(C(=O)O)cc(C(=O)N*)c2)c1,"[""Polyamide""]",10.1016/j.memsci.2022.121158,2022,6.34,m-Phenylenediamine,*Nc1cccc(N*)c1,Trimesoyl chloride,*C(=O)c1cc(C(=O)*)cc(C(=O)*)c1,,MEDIUM,Chemistry-based default
873,SA-UV,*Nc1cccc(NC(=O)c2cc(C(=O)O)cc(C(=O)N*)c2)c1,"[""Polyamide""]",10.1016/j.memsci.2022.121158,2022,5.71,m-Phenylenediamine,*Nc1cccc(N*)c1,Trimesoyl chloride,*C(=O)c1cc(C(=O)*)cc(C(=O)*)c1,,MEDIUM,Chemistry-based default
874,PT22-D,*Nc1cccc(NC(=O)c2cc(C(=O)O)cc(C(=O)N*)c2)c1,"[""Polyamide""]",10.1038/s41467-021-22684-1,2021,7.658008463,m-Phenylenediamine,*Nc1cccc(N*)c1,Trimesoyl chloride,*C(=O)c1cc(C(=O)*)cc(C(=O)*)c1,,MEDIUM,Chemistry-based default
875,PT26-D,*Nc1cccc(NC(=O)c2cc(C(=O)O)cc(C(=O)N*)c2)c1,"[""Polyamide""]",10.1038/s41467-021-22684-1,2021,6.300536636,m-Phenylenediamine,*Nc1cccc(N*)c1,Trimesoyl chloride,*C(=O)c1cc(C(=O)*)cc(C(=O)*)c1,,MEDIUM,Chemistry-based default
876,PT30-D,*Nc1cccc(NC(=O)c2cc(C(=O)O)cc(C(=O)N*)c2)c1,"[""Polyamide""]",10.1038/s41467-021-22684-1,2021,5.076093724,m-Phenylenediamine,*Nc1cccc(N*)c1,Trimesoyl chloride,*C(=O)c1cc(C(=O)*)cc(C(=O)*)c1,,MEDIUM,Chemistry-based default
877,TFC,*Nc1cccc(NC(=O)c2cc(C(=O)O)cc(C(=O)N*)c2)c1,"[""Polyamide""]",10.1016/j.seppur.2020.118249,2021,3.07,m-Phenylenediamine,*Nc1cccc(N*)c1,Trimesoyl chloride,*C(=O)c1cc(C(=O)*)cc(C(=O)*)c1,,MEDIUM,Chemistry-based default
878,TFN,*Nc1cccc(NC(=O)c2cc(C(=O)O)cc(C(=O)N*)c2)c1,"[""Polyamide"",""Other""]",10.1016/j.seppur.2020.118249,2021,3.63,m-Phenylenediamine,*Nc1cccc(N*)c1,Trimesoyl chloride,*C(=O)c1cc(C(=O)*)cc(C(=O)*)c1,,MEDIUM,Chemistry-based default
879,TFN(5H),*Nc1cccc(NC(=O)c2cc(C(=O)O)cc(C(=O)N*)c2)c1,"[""Polyamide"",""Other""]",10.1016/j.seppur.2020.118249,2021,3.53,m-Phenylenediamine,*Nc1cccc(N*)c1,Trimesoyl chloride,*C(=O)c1cc(C(=O)*)cc(C(=O)*)c1,,MEDIUM,Chemistry-based default
880,TFN(5M),*Nc1cccc(NC(=O)c2cc(C(=O)O)cc(C(=O)N*)c2)c1,"[""Polyamide"",""Other""]",10.1016/j.seppur.2020.118249,2021,3.5,m-Phenylenediamine,*Nc1cccc(N*)c1,Trimesoyl chloride,*C(=O)c1cc(C(=O)*)cc(C(=O)*)c1,,MEDIUM,Chemistry-based default
881,TFN(10H),*Nc1cccc(NC(=O)c2cc(C(=O)O)cc(C(=O)N*)c2)c1,"[""Polyamide"",""Other""]",10.1016/j.seppur.2020.118249,2021,3.51,m-Phenylenediamine,*Nc1cccc(N*)c1,Trimesoyl chloride,*C(=O)c1cc(C(=O)*)cc(C(=O)*)c1,,MEDIUM,Chemistry-based default
882,TFN(10M),*Nc1cccc(NC(=O)c2cc(C(=O)O)cc(C(=O)N*)c2)c1,"[""Polyamide"",""Other""]",10.1016/j.seppur.2020.118249,2021,3.11,m-Phenylenediamine,*Nc1cccc(N*)c1,Trimesoyl chloride,*C(=O)c1cc(C(=O)*)cc(C(=O)*)c1,,MEDIUM,Chemistry-based default
883,PA,*Nc1cccc(NC(=O)c2cc(C(=O)O)cc(C(=O)N*)c2)c1,"[""Polyamide"",""Other""]",10.1002/admi.202100533,2021,0.854654824,m-Phenylenediamine,*Nc1cccc(N*)c1,Trimesoyl chloride,*C(=O)c1cc(C(=O)*)cc(C(=O)*)c1,,MEDIUM,Chemistry-based default
884,AC,*Nc1cccc(NC(=O)c2cc(C(=O)O)cc(C(=O)N*)c2)c1,"[""Polyamide"",""Other""]",10.1002/admi.202100533,2021,1.786644096,m-Phenylenediamine,*Nc1cccc(N*)c1,Trimesoyl chloride,*C(=O)c1cc(C(=O)*)cc(C(=O)*)c1,,MEDIUM,Chemistry-based default
885,GO,*Nc1cccc(NC(=O)c2cc(C(=O)O)cc(C(=O)N*)c2)c1,"[""Polyamide"",""Other""]",10.1002/admi.202100533,2021,1.783607757,m-Phenylenediamine,*Nc1cccc(N*)c1,Trimesoyl chloride,*C(=O)c1cc(C(=O)*)cc(C(=O)*)c1,,MEDIUM,Chemistry-based default
886,M10,*Nc1cccc(NC(=O)c2cc(C(=O)O)cc(C(=O)N*)c2)c1,"[""Polyamide"",""Other""]",10.1002/admi.202100533,2021,1.089758336,m-Phenylenediamine,*Nc1cccc(N*)c1,Trimesoyl chloride,*C(=O)c1cc(C(=O)*)cc(C(=O)*)c1,,MEDIUM,Chemistry-based default
887,M20,*Nc1cccc(NC(=O)c2cc(C(=O)O)cc(C(=O)N*)c2)c1,"[""Polyamide"",""Other""]",10.1002/admi.202100533,2021,2.641208303,m-Phenylenediamine,*Nc1cccc(N*)c1,Trimesoyl chloride,*C(=O)c1cc(C(=O)*)cc(C(=O)*)c1,,MEDIUM,Chemistry-based default
888,M30,*Nc1cccc(NC(=O)c2cc(C(=O)O)cc(C(=O)N*)c2)c1,"[""Polyamide"",""Other""]",10.1002/admi.202100533,2021,2.873095139,m-Phenylenediamine,*Nc1cccc(N*)c1,Trimesoyl chloride,*C(=O)c1cc(C(=O)*)cc(C(=O)*)c1,,MEDIUM,Chemistry-based default
889,M40,*Nc1cccc(NC(=O)c2cc(C(=O)O)cc(C(=O)N*)c2)c1,"[""Polyamide"",""Other""]",10.1002/admi.202100533,2021,2.698688299,m-Phenylenediamine,*Nc1cccc(N*)c1,Trimesoyl chloride,*C(=O)c1cc(C(=O)*)cc(C(=O)*)c1,,MEDIUM,Chemistry-based default
890,M50,*Nc1cccc(NC(=O)c2cc(C(=O)O)cc(C(=O)N*)c2)c1,"[""Polyamide"",""Other""]",10.1002/admi.202100533,2021,2.197432208,m-Phenylenediamine,*Nc1cccc(N*)c1,Trimesoyl chloride,*C(=O)c1cc(C(=O)*)cc(C(=O)*)c1,,MEDIUM,Chemistry-based default
891,M60,*Nc1cccc(NC(=O)c2cc(C(=O)O)cc(C(=O)N*)c2)c1,"[""Polyamide"",""Other""]",10.1002/admi.202100533,2021,2.261344116,m-Phenylenediamine,*Nc1cccc(N*)c1,Trimesoyl chloride,*C(=O)c1cc(C(=O)*)cc(C(=O)*)c1,,MEDIUM,Chemistry-based default
892,M2,*Nc1cccc(NC(=O)c2cc(C(=O)O)cc(C(=O)N*)c2)c1,"[""Polyamide""]",10.1016/j.memsci.2020.118209,2020,4.16,m-Phenylenediamine,*Nc1cccc(N*)c1,Trimesoyl chloride,*C(=O)c1cc(C(=O)*)cc(C(=O)*)c1,,MEDIUM,Chemistry-based default
893,M0,*Nc1cccc(NC(=O)c2cc(C(=O)O)cc(C(=O)N*)c2)c1,"[""Polyamide""]",10.1016/j.memsci.2020.118209,2020,2.55,m-Phenylenediamine,*Nc1cccc(N*)c1,Trimesoyl chloride,*C(=O)c1cc(C(=O)*)cc(C(=O)*)c1,,MEDIUM,Chemistry-based default
894,M1,*Nc1cccc(NC(=O)c2cc(C(=O)O)cc(C(=O)N*)c2)c1,"[""Polyamide""]",10.1016/j.memsci.2020.118209,2020,4.1,m-Phenylenediamine,*Nc1cccc(N*)c1,Trimesoyl chloride,*C(=O)c1cc(C(=O)*)cc(C(=O)*)c1,,MEDIUM,Chemistry-based default
895,TF-C0,*Nc1cccc(NC(=O)c2cc(C(=O)O)cc(C(=O)N*)c2)c1,"[""Polyamide""]",10.1016/j.memsci.2020.118498,2020,1.13,m-Phenylenediamine,*Nc1cccc(N*)c1,Trimesoyl chloride,*C(=O)c1cc(C(=O)*)cc(C(=O)*)c1,,MEDIUM,Chemistry-based default
896,TFC0.5,*Nc1cccc(NC(=O)c2cc(C(=O)O)cc(C(=O)N*)c2)c1,"[""Polyamide""]",10.1016/j.memsci.2020.118498,2020,2.32,m-Phenylenediamine,*Nc1cccc(N*)c1,Trimesoyl chloride,*C(=O)c1cc(C(=O)*)cc(C(=O)*)c1,,MEDIUM,Chemistry-based default
897,TF-C1,*Nc1cccc(NC(=O)c2cc(C(=O)O)cc(C(=O)N*)c2)c1,"[""Polyamide""]",10.1016/j.memsci.2020.118498,2020,3.15,m-Phenylenediamine,*Nc1cccc(N*)c1,Trimesoyl chloride,*C(=O)c1cc(C(=O)*)cc(C(=O)*)c1,,MEDIUM,Chemistry-based default
898,TF-C1.5,*Nc1cccc(NC(=O)c2cc(C(=O)O)cc(C(=O)N*)c2)c1,"[""Polyamide""]",10.1016/j.memsci.2020.118498,2020,3.32,m-Phenylenediamine,*Nc1cccc(N*)c1,Trimesoyl chloride,*C(=O)c1cc(C(=O)*)cc(C(=O)*)c1,,MEDIUM,Chemistry-based default
899,TFC RO Membranes(M-PEICA),*Nc1cccc(NC(=O)c2cc(C(=O)O)cc(C(=O)N*)c2)c1,"[""Polyamide""]",10.1016/j.desal.2022.115972,2022,4.78,m-Phenylenediamine,*Nc1cccc(N*)c1,Trimesoyl chloride,*C(=O)c1cc(C(=O)*)cc(C(=O)*)c1,,MEDIUM,Chemistry-based default
900,TFC RO membranes(Pristine),*Nc1cccc(NC(=O)c2cc(C(=O)O)cc(C(=O)N*)c2)c1,"[""Polyamide""]",10.1016/j.desal.2022.115972,2022,2.83,m-Phenylenediamine,*Nc1cccc(N*)c1,Trimesoyl chloride,*C(=O)c1cc(C(=O)*)cc(C(=O)*)c1,,MEDIUM,Chemistry-based default
902,T-TMC–MPD,*Nc1cccc(NC(=O)c2cc(C(=O)O)cc(C(=O)N*)c2)c1,"[""Polyamide""]",10.1038/s41467-020-19809-3,2020,1.342519362,m-Phenylenediamine,*Nc1cccc(N*)c1,Trimesoyl chloride,*C(=O)c1cc(C(=O)*)cc(C(=O)*)c1,,MEDIUM,Chemistry-based default
903,A-TMC–MPD,*Nc1cccc(NC(=O)c2cc(C(=O)O)cc(C(=O)N*)c2)c1,"[""Polyamide""]",10.1038/s41467-020-19809-3,2020,4.060050891,m-Phenylenediamine,*Nc1cccc(N*)c1,Trimesoyl chloride,*C(=O)c1cc(C(=O)*)cc(C(=O)*)c1,,MEDIUM,Chemistry-based default
904,MPDTMC-20,*Nc1cccc(NC(=O)c2cc(C(=O)O)cc(C(=O)N*)c2)c1,"[""Polyamide""]",10.1002/adma.202001132,2020,15.07380688,m-Phenylenediamine,*Nc1cccc(N*)c1,Trimesoyl chloride,*C(=O)c1cc(C(=O)*)cc(C(=O)*)c1,,MEDIUM,Chemistry-based default
905,MPDTrip-20,*Nc1cccc(NC(=O)c2cc(C(=O)O)cc(C(=O)N*)c2)c1,"[""Polyamide""]",10.1002/adma.202001132,2020,4.063997774,m-Phenylenediamine,*Nc1cccc(N*)c1,Trimesoyl chloride,*C(=O)c1cc(C(=O)*)cc(C(=O)*)c1,,MEDIUM,Chemistry-based default
908,TFC,*Nc1cccc(NC(=O)c2cc(C(=O)O)cc(C(=O)N*)c2)c1,"[""Polyamide""]",10.1016/j.memsci.2020.119039,2020,0.93,m-Phenylenediamine,*Nc1cccc(N*)c1,Trimesoyl chloride,*C(=O)c1cc(C(=O)*)cc(C(=O)*)c1,,MEDIUM,Chemistry-based default
909,TFC-Cl,*Nc1cccc(NC(=O)c2cc(C(=O)O)cc(C(=O)N*)c2)c1,"[""Polyamide""]",10.1016/j.memsci.2020.119039,2020,2.09,m-Phenylenediamine,*Nc1cccc(N*)c1,Trimesoyl chloride,*C(=O)c1cc(C(=O)*)cc(C(=O)*)c1,,MEDIUM,Chemistry-based default
910,TFN-HNT,*Nc1cccc(NC(=O)c2cc(C(=O)O)cc(C(=O)N*)c2)c1,"[""Polyamide""]",10.1016/j.memsci.2020.119039,2020,1.61,m-Phenylenediamine,*Nc1cccc(N*)c1,Trimesoyl chloride,*C(=O)c1cc(C(=O)*)cc(C(=O)*)c1,,MEDIUM,Chemistry-based default
911,TFN-HNT-Cl,*Nc1cccc(NC(=O)c2cc(C(=O)O)cc(C(=O)N*)c2)c1,"[""Polyamide""]",10.1016/j.memsci.2020.119039,2020,3.78,m-Phenylenediamine,*Nc1cccc(N*)c1,Trimesoyl chloride,*C(=O)c1cc(C(=O)*)cc(C(=O)*)c1,,MEDIUM,Chemistry-based default
912,NF270 with 12 MLD cycles,*Nc1cccc(NC(=O)c2cc(C(=O)O)cc(C(=O)N*)c2)c1,"[""Polyamide""]",10.1016/j.desal.2021.115334,2021,2.1,m-Phenylenediamine,*Nc1cccc(N*)c1,Trimesoyl chloride,*C(=O)c1cc(C(=O)*)cc(C(=O)*)c1,,MEDIUM,Chemistry-based default
913,NF270 with 18 MLD cycles,*Nc1cccc(NC(=O)c2cc(C(=O)O)cc(C(=O)N*)c2)c1,"[""Polyamide""]",10.1016/j.desal.2021.115334,2021,1.4,m-Phenylenediamine,*Nc1cccc(N*)c1,Trimesoyl chloride,*C(=O)c1cc(C(=O)*)cc(C(=O)*)c1,,MEDIUM,Chemistry-based default
914,TFN-HNT-G1,*Nc1cccc(NC(=O)c2cc(C(=O)O)cc(C(=O)N*)c2)c1,"[""Polyamide""]",10.1016/j.memsci.2020.119039,2020,3.78,m-Phenylenediamine,*Nc1cccc(N*)c1,Trimesoyl chloride,*C(=O)c1cc(C(=O)*)cc(C(=O)*)c1,,MEDIUM,Chemistry-based default
915,TFN-HNT-G1-Cl,*Nc1cccc(NC(=O)c2cc(C(=O)O)cc(C(=O)N*)c2)c1,"[""Polyamide""]",10.1016/j.memsci.2020.119039,2020,2.24,m-Phenylenediamine,*Nc1cccc(N*)c1,Trimesoyl chloride,*C(=O)c1cc(C(=O)*)cc(C(=O)*)c1,,MEDIUM,Chemistry-based default
916,TFN-HNT-G2,*Nc1cccc(NC(=O)c2cc(C(=O)O)cc(C(=O)N*)c2)c1,"[""Polyamide""]",10.1016/j.memsci.2020.119039,2020,2.32,m-Phenylenediamine,*Nc1cccc(N*)c1,Trimesoyl chloride,*C(=O)c1cc(C(=O)*)cc(C(=O)*)c1,,MEDIUM,Chemistry-based default
917,TFN-HNT-G2-Cl,*Nc1cccc(NC(=O)c2cc(C(=O)O)cc(C(=O)N*)c2)c1,"[""Polyamide""]",10.1016/j.memsci.2020.119039,2020,3.59,m-Phenylenediamine,*Nc1cccc(N*)c1,Trimesoyl chloride,*C(=O)c1cc(C(=O)*)cc(C(=O)*)c1,,MEDIUM,Chemistry-based default
918,TFN-HNT-G3,*Nc1cccc(NC(=O)c2cc(C(=O)O)cc(C(=O)N*)c2)c1,"[""Polyamide""]",10.1016/j.memsci.2020.119039,2020,2.06,m-Phenylenediamine,*Nc1cccc(N*)c1,Trimesoyl chloride,*C(=O)c1cc(C(=O)*)cc(C(=O)*)c1,,MEDIUM,Chemistry-based default
919,TFN-HNT-G3-Cl,*Nc1cccc(NC(=O)c2cc(C(=O)O)cc(C(=O)N*)c2)c1,"[""Polyamide""]",10.1016/j.memsci.2020.119039,2020,3.15,m-Phenylenediamine,*Nc1cccc(N*)c1,Trimesoyl chloride,*C(=O)c1cc(C(=O)*)cc(C(=O)*)c1,,MEDIUM,Chemistry-based default
920,TFC-octane,*Nc1cccc(NC(=O)c2cc(C(=O)O)cc(C(=O)N*)c2)c1,"[""Polyamide""]",10.1016/j.memsci.2021.119173,2021,1.25,m-Phenylenediamine,*Nc1cccc(N*)c1,Trimesoyl chloride,*C(=O)c1cc(C(=O)*)cc(C(=O)*)c1,,MEDIUM,Chemistry-based default
921,TFC-heptane,*Nc1cccc(NC(=O)c2cc(C(=O)O)cc(C(=O)N*)c2)c1,"[""Polyamide""]",10.1016/j.memsci.2021.119173,2021,1.12,m-Phenylenediamine,*Nc1cccc(N*)c1,Trimesoyl chloride,*C(=O)c1cc(C(=O)*)cc(C(=O)*)c1,,MEDIUM,Chemistry-based default
922,TFC-hexane,*Nc1cccc(NC(=O)c2cc(C(=O)O)cc(C(=O)N*)c2)c1,"[""Polyamide""]",10.1016/j.memsci.2021.119173,2021,1.43,m-Phenylenediamine,*Nc1cccc(N*)c1,Trimesoyl chloride,*C(=O)c1cc(C(=O)*)cc(C(=O)*)c1,,MEDIUM,Chemistry-based default
923,TFC-pentane,*Nc1cccc(NC(=O)c2cc(C(=O)O)cc(C(=O)N*)c2)c1,"[""Polyamide""]",10.1016/j.memsci.2021.119173,2021,1.75,m-Phenylenediamine,*Nc1cccc(N*)c1,Trimesoyl chloride,*C(=O)c1cc(C(=O)*)cc(C(=O)*)c1,,MEDIUM,Chemistry-based default
924,TFC-L2,*Nc1cccc(NC(=O)c2cc(C(=O)O)cc(C(=O)N*)c2)c1,"[""Polyamide""]",10.1016/j.memsci.2022.121248,2022,5.99,m-Phenylenediamine,*Nc1cccc(N*)c1,Trimesoyl chloride,*C(=O)c1cc(C(=O)*)cc(C(=O)*)c1,,MEDIUM,Chemistry-based default
925,TFC-L3,*Nc1cccc(NC(=O)c2cc(C(=O)O)cc(C(=O)N*)c2)c1,"[""Polyamide""]",10.1016/j.memsci.2022.121248,2022,3.65,m-Phenylenediamine,*Nc1cccc(N*)c1,Trimesoyl chloride,*C(=O)c1cc(C(=O)*)cc(C(=O)*)c1,,MEDIUM,Chemistry-based default
926,TFC-L3,*Nc1cccc(NC(=O)c2cc(C(=O)O)cc(C(=O)N*)c2)c1,"[""Polyamide""]",10.1016/j.memsci.2022.121248,2022,2.06,m-Phenylenediamine,*Nc1cccc(N*)c1,Trimesoyl chloride,*C(=O)c1cc(C(=O)*)cc(C(=O)*)c1,,MEDIUM,Chemistry-based default
927,TFC-L4,*Nc1cccc(NC(=O)c2cc(C(=O)O)cc(C(=O)N*)c2)c1,"[""Polyamide""]",10.1016/j.memsci.2022.121248,2022,1.6,m-Phenylenediamine,*Nc1cccc(N*)c1,Trimesoyl chloride,*C(=O)c1cc(C(=O)*)cc(C(=O)*)c1,,MEDIUM,Chemistry-based default
928,TFC5,*Nc1cccc(NC(=O)c2cc(C(=O)O)cc(C(=O)N*)c2)c1,"[""Polyamide""]",10.1016/j.desal.2022.116307,2023,5.95,m-Phenylenediamine,*Nc1cccc(N*)c1,Trimesoyl chloride,*C(=O)c1cc(C(=O)*)cc(C(=O)*)c1,,MEDIUM,Chemistry-based default
931,bare RO,*Nc1cccc(NC(=O)c2cc(C(=O)O)cc(C(=O)N*)c2)c1,"[""Polyamide""]",10.1016/j.memsci.2022.121066,2022,1.32,m-Phenylenediamine,*Nc1cccc(N*)c1,Trimesoyl chloride,*C(=O)c1cc(C(=O)*)cc(C(=O)*)c1,,MEDIUM,Chemistry-based default
932,0.001%MIL/RO,*Nc1cccc(NC(=O)c2cc(C(=O)O)cc(C(=O)N*)c2)c1,"[""Polyamide""]",10.1016/j.memsci.2022.121066,2022,1.61,m-Phenylenediamine,*Nc1cccc(N*)c1,Trimesoyl chloride,*C(=O)c1cc(C(=O)*)cc(C(=O)*)c1,,MEDIUM,Chemistry-based default
933,0.002wt% MIL/RO,*Nc1cccc(NC(=O)c2cc(C(=O)O)cc(C(=O)N*)c2)c1,"[""Polyamide""]",10.1016/j.memsci.2022.121066,2022,2.02,m-Phenylenediamine,*Nc1cccc(N*)c1,Trimesoyl chloride,*C(=O)c1cc(C(=O)*)cc(C(=O)*)c1,,MEDIUM,Chemistry-based default
934,0.005wt% MIL/RO,*Nc1cccc(NC(=O)c2cc(C(=O)O)cc(C(=O)N*)c2)c1,"[""Polyamide""]",10.1016/j.memsci.2022.121066,2022,2.99,m-Phenylenediamine,*Nc1cccc(N*)c1,Trimesoyl chloride,*C(=O)c1cc(C(=O)*)cc(C(=O)*)c1,,MEDIUM,Chemistry-based default
935,0.01wt%MIL/RO,*Nc1cccc(NC(=O)c2cc(C(=O)O)cc(C(=O)N*)c2)c1,"[""Polyamide""]",10.1016/j.memsci.2022.121066,2022,1.57,m-Phenylenediamine,*Nc1cccc(N*)c1,Trimesoyl chloride,*C(=O)c1cc(C(=O)*)cc(C(=O)*)c1,,MEDIUM,Chemistry-based default
936,0.02wt%MIL/RO,*Nc1cccc(NC(=O)c2cc(C(=O)O)cc(C(=O)N*)c2)c1,"[""Polyamide""]",10.1016/j.memsci.2022.121066,2022,1.28,m-Phenylenediamine,*Nc1cccc(N*)c1,Trimesoyl chloride,*C(=O)c1cc(C(=O)*)cc(C(=O)*)c1,,MEDIUM,Chemistry-based default
946,LCLE,*Nc1cccc(NC(=O)c2cc(C(=O)O)cc(C(=O)N*)c2)c1,"[""Polyamide""]",10.1016/j.jece.2021.106223,2021,4.38,m-Phenylenediamine,*Nc1cccc(N*)c1,Trimesoyl chloride,*C(=O)c1cc(C(=O)*)cc(C(=O)*)c1,,MEDIUM,Chemistry-based default
948,RNF,*Nc1cccc(NC(=O)c2cc(C(=O)O)cc(C(=O)N*)c2)c1,"[""Polyamide""]",10.1021/acsami.0c12588,2020,5.390729304,m-Phenylenediamine,*Nc1cccc(N*)c1,Trimesoyl chloride,*C(=O)c1cc(C(=O)*)cc(C(=O)*)c1,,MEDIUM,Chemistry-based default
949,CNF3,*Nc1cccc(NC(=O)c2cc(C(=O)O)cc(C(=O)N*)c2)c1,"[""Polyamide""]",10.1021/acsami.0c12588,2020,11.63591171,m-Phenylenediamine,*Nc1cccc(N*)c1,Trimesoyl chloride,*C(=O)c1cc(C(=O)*)cc(C(=O)*)c1,,MEDIUM,Chemistry-based default
950,CNF4,*Nc1cccc(NC(=O)c2cc(C(=O)O)cc(C(=O)N*)c2)c1,"[""Polyamide""]",10.1021/acsami.0c12588,2020,10.82601499,m-Phenylenediamine,*Nc1cccc(N*)c1,Trimesoyl chloride,*C(=O)c1cc(C(=O)*)cc(C(=O)*)c1,,MEDIUM,Chemistry-based default
951,CNF5,*Nc1cccc(NC(=O)c2cc(C(=O)O)cc(C(=O)N*)c2)c1,"[""Polyamide""]",10.1021/acsami.0c12588,2020,9.490142405,m-Phenylenediamine,*Nc1cccc(N*)c1,Trimesoyl chloride,*C(=O)c1cc(C(=O)*)cc(C(=O)*)c1,,MEDIUM,Chemistry-based default
952,CNF6,*Nc1cccc(NC(=O)c2cc(C(=O)O)cc(C(=O)N*)c2)c1,"[""Polyamide""]",10.1021/acsami.0c12588,2020,9.079890233,m-Phenylenediamine,*Nc1cccc(N*)c1,Trimesoyl chloride,*C(=O)c1cc(C(=O)*)cc(C(=O)*)c1,,MEDIUM,Chemistry-based default
953,CNF7,*Nc1cccc(NC(=O)c2cc(C(=O)O)cc(C(=O)N*)c2)c1,"[""Polyamide""]",10.1021/acsami.0c12588,2020,8.687535548,m-Phenylenediamine,*Nc1cccc(N*)c1,Trimesoyl chloride,*C(=O)c1cc(C(=O)*)cc(C(=O)*)c1,,MEDIUM,Chemistry-based default
954,PA,*Nc1cccc(NC(=O)c2cc(C(=O)O)cc(C(=O)N*)c2)c1,"[""Polyamide"",""Other""]",10.1016/j.memsci.2020.118299,2020,3.16,m-Phenylenediamine,*Nc1cccc(N*)c1,Trimesoyl chloride,*C(=O)c1cc(C(=O)*)cc(C(=O)*)c1,,MEDIUM,Chemistry-based default
955,PA-MMP 002,*Nc1cccc(NC(=O)c2cc(C(=O)O)cc(C(=O)N*)c2)c1,"[""Polyamide"",""Other""]",10.1016/j.memsci.2020.118299,2020,3.73,m-Phenylenediamine,*Nc1cccc(N*)c1,Trimesoyl chloride,*C(=O)c1cc(C(=O)*)cc(C(=O)*)c1,,MEDIUM,Chemistry-based default
956,PA-MMP 005,*Nc1cccc(NC(=O)c2cc(C(=O)O)cc(C(=O)N*)c2)c1,"[""Polyamide"",""Other""]",10.1016/j.memsci.2020.118299,2020,4.18,m-Phenylenediamine,*Nc1cccc(N*)c1,Trimesoyl chloride,*C(=O)c1cc(C(=O)*)cc(C(=O)*)c1,,MEDIUM,Chemistry-based default
957,PA-MMP 008,*Nc1cccc(NC(=O)c2cc(C(=O)O)cc(C(=O)N*)c2)c1,"[""Polyamide"",""Other""]",10.1016/j.memsci.2020.118299,2020,4.01,m-Phenylenediamine,*Nc1cccc(N*)c1,Trimesoyl chloride,*C(=O)c1cc(C(=O)*)cc(C(=O)*)c1,,MEDIUM,Chemistry-based default
958,PA-MMP 010,*Nc1cccc(NC(=O)c2cc(C(=O)O)cc(C(=O)N*)c2)c1,"[""Polyamide"",""Other""]",10.1016/j.memsci.2020.118299,2020,5.47,m-Phenylenediamine,*Nc1cccc(N*)c1,Trimesoyl chloride,*C(=O)c1cc(C(=O)*)cc(C(=O)*)c1,,MEDIUM,Chemistry-based default
959,ROM-0,*Nc1cccc(NC(=O)c2cc(C(=O)O)cc(C(=O)N*)c2)c1,"[""Polyamide""]",10.1016/j.memsci.2019.117518,2018,1.48,m-Phenylenediamine,*Nc1cccc(N*)c1,Trimesoyl chloride,*C(=O)c1cc(C(=O)*)cc(C(=O)*)c1,,MEDIUM,Chemistry-based default
960,ROM-1,*Nc1cccc(NC(=O)c2cc(C(=O)O)cc(C(=O)N*)c2)c1,"[""Polyamide""]",10.1016/j.memsci.2019.117519,2019,3.03,m-Phenylenediamine,*Nc1cccc(N*)c1,Trimesoyl chloride,*C(=O)c1cc(C(=O)*)cc(C(=O)*)c1,,MEDIUM,Chemistry-based default
961,ROM-2,*Nc1cccc(NC(=O)c2cc(C(=O)O)cc(C(=O)N*)c2)c1,"[""Polyamide""]",10.1016/j.memsci.2019.117519,2019,3.86,m-Phenylenediamine,*Nc1cccc(N*)c1,Trimesoyl chloride,*C(=O)c1cc(C(=O)*)cc(C(=O)*)c1,,MEDIUM,Chemistry-based default
962,ROM-3,*Nc1cccc(NC(=O)c2cc(C(=O)O)cc(C(=O)N*)c2)c1,"[""Polyamide""]",10.1016/j.memsci.2019.117519,2019,4.5,m-Phenylenediamine,*Nc1cccc(N*)c1,Trimesoyl chloride,*C(=O)c1cc(C(=O)*)cc(C(=O)*)c1,,MEDIUM,Chemistry-based default
963,ROM-4,*Nc1cccc(NC(=O)c2cc(C(=O)O)cc(C(=O)N*)c2)c1,"[""Polyamide""]",10.1016/j.memsci.2019.117519,2019,4.6,m-Phenylenediamine,*Nc1cccc(N*)c1,Trimesoyl chloride,*C(=O)c1cc(C(=O)*)cc(C(=O)*)c1,,MEDIUM,Chemistry-based default
964,ROM-5,*Nc1cccc(NC(=O)c2cc(C(=O)O)cc(C(=O)N*)c2)c1,"[""Polyamide""]",10.1016/j.memsci.2019.117519,2019,4.65,m-Phenylenediamine,*Nc1cccc(N*)c1,Trimesoyl chloride,*C(=O)c1cc(C(=O)*)cc(C(=O)*)c1,,MEDIUM,Chemistry-based default
976,ZIF-8,*Nc1cccc(NC(=O)c2cc(C(=O)O)cc(C(=O)N*)c2)c1,"[""Polyamide"",""Metal-organic framework""]",10.1016/j.memsci.2021.119158,2021,2.12,m-Phenylenediamine,*Nc1cccc(N*)c1,Trimesoyl chloride,*C(=O)c1cc(C(=O)*)cc(C(=O)*)c1,,MEDIUM,Chemistry-based default
977,dZIF-8(2),*Nc1cccc(NC(=O)c2cc(C(=O)O)cc(C(=O)N*)c2)c1,"[""Polyamide"",""Metal-organic framework""]",10.1016/j.memsci.2021.119158,2021,2.23,m-Phenylenediamine,*Nc1cccc(N*)c1,Trimesoyl chloride,*C(=O)c1cc(C(=O)*)cc(C(=O)*)c1,,MEDIUM,Chemistry-based default
978,dZIF-8(K90),*Nc1cccc(NC(=O)c2cc(C(=O)O)cc(C(=O)N*)c2)c1,"[""Polyamide"",""Metal-organic framework""]",10.1016/j.memsci.2021.119158,2021,2.5,m-Phenylenediamine,*Nc1cccc(N*)c1,Trimesoyl chloride,*C(=O)c1cc(C(=O)*)cc(C(=O)*)c1,,MEDIUM,Chemistry-based default
979,0 wt% dZIF-8,*Nc1cccc(NC(=O)c2cc(C(=O)O)cc(C(=O)N*)c2)c1,"[""Polyamide""]",10.1016/j.memsci.2021.119158,2021,1.92,m-Phenylenediamine,*Nc1cccc(N*)c1,Trimesoyl chloride,*C(=O)c1cc(C(=O)*)cc(C(=O)*)c1,,MEDIUM,Chemistry-based default
980,0.05 wt% dZIF-8,*Nc1cccc(NC(=O)c2cc(C(=O)O)cc(C(=O)N*)c2)c1,"[""Polyamide"",""Metal-organic framework""]",10.1016/j.memsci.2021.119158,2021,2.2,m-Phenylenediamine,*Nc1cccc(N*)c1,Trimesoyl chloride,*C(=O)c1cc(C(=O)*)cc(C(=O)*)c1,,MEDIUM,Chemistry-based default
981,0.1 wt% dZIF-8,*Nc1cccc(NC(=O)c2cc(C(=O)O)cc(C(=O)N*)c2)c1,"[""Polyamide"",""Metal-organic framework""]",10.1016/j.memsci.2021.119158,2021,2.45,m-Phenylenediamine,*Nc1cccc(N*)c1,Trimesoyl chloride,*C(=O)c1cc(C(=O)*)cc(C(=O)*)c1,,MEDIUM,Chemistry-based default
982,0.15 wt% dZIF-8,*Nc1cccc(NC(=O)c2cc(C(=O)O)cc(C(=O)N*)c2)c1,"[""Polyamide"",""Metal-organic framework""]",10.1016/j.memsci.2021.119158,2021,2.99,m-Phenylenediamine,*Nc1cccc(N*)c1,Trimesoyl chloride,*C(=O)c1cc(C(=O)*)cc(C(=O)*)c1,,MEDIUM,Chemistry-based default
983,0.2 wt% dZIF-8,*Nc1cccc(NC(=O)c2cc(C(=O)O)cc(C(=O)N*)c2)c1,"[""Polyamide"",""Metal-organic framework""]",10.1016/j.memsci.2021.119158,2021,2.46,m-Phenylenediamine,*Nc1cccc(N*)c1,Trimesoyl chloride,*C(=O)c1cc(C(=O)*)cc(C(=O)*)c1,,MEDIUM,Chemistry-based default
984,0.3 wt% dZIF-8,*Nc1cccc(NC(=O)c2cc(C(=O)O)cc(C(=O)N*)c2)c1,"[""Polyamide"",""Metal-organic framework""]",10.1016/j.memsci.2021.119158,2021,2.11,m-Phenylenediamine,*Nc1cccc(N*)c1,Trimesoyl chloride,*C(=O)c1cc(C(=O)*)cc(C(=O)*)c1,,MEDIUM,Chemistry-based default
985,IP@PK-5,*Nc1cccc(NC(=O)c2cc(C(=O)O)cc(C(=O)N*)c2)c1,"[""Polyamide""]",10.1016/j.memsci.2021.119801,2021,0.06,m-Phenylenediamine,*Nc1cccc(N*)c1,Trimesoyl chloride,*C(=O)c1cc(C(=O)*)cc(C(=O)*)c1,,MEDIUM,Chemistry-based default
986,IP@PK-20,*Nc1cccc(NC(=O)c2cc(C(=O)O)cc(C(=O)N*)c2)c1,"[""Polyamide""]",10.1016/j.memsci.2021.119801,2021,0.67,m-Phenylenediamine,*Nc1cccc(N*)c1,Trimesoyl chloride,*C(=O)c1cc(C(=O)*)cc(C(=O)*)c1,,MEDIUM,Chemistry-based default
987,IP@PK-35,*Nc1cccc(NC(=O)c2cc(C(=O)O)cc(C(=O)N*)c2)c1,"[""Polyamide""]",10.1016/j.memsci.2021.119801,2021,1.08,m-Phenylenediamine,*Nc1cccc(N*)c1,Trimesoyl chloride,*C(=O)c1cc(C(=O)*)cc(C(=O)*)c1,,MEDIUM,Chemistry-based default
988,IP@PK-50,*Nc1cccc(NC(=O)c2cc(C(=O)O)cc(C(=O)N*)c2)c1,"[""Polyamide""]",10.1016/j.memsci.2021.119801,2021,1.42,m-Phenylenediamine,*Nc1cccc(N*)c1,Trimesoyl chloride,*C(=O)c1cc(C(=O)*)cc(C(=O)*)c1,,MEDIUM,Chemistry-based default
989,IP@PK-65,*Nc1cccc(NC(=O)c2cc(C(=O)O)cc(C(=O)N*)c2)c1,"[""Polyamide""]",10.1016/j.memsci.2021.119801,2021,1.59,m-Phenylenediamine,*Nc1cccc(N*)c1,Trimesoyl chloride,*C(=O)c1cc(C(=O)*)cc(C(=O)*)c1,,MEDIUM,Chemistry-based default
990,IP@rPK-35,*Nc1cccc(NC(=O)c2cc(C(=O)O)cc(C(=O)N*)c2)c1,"[""Polyamide""]",10.1016/j.memsci.2021.119801,2021,0.45,m-Phenylenediamine,*Nc1cccc(N*)c1,Trimesoyl chloride,*C(=O)c1cc(C(=O)*)cc(C(=O)*)c1,,MEDIUM,Chemistry-based default
991,CM,*Nc1cccc(NC(=O)c2cc(C(=O)O)cc(C(=O)N*)c2)c1,"[""Polyamide"",""Other""]",10.1021/acs.iecr.1c00025,2021,0.886331965,m-Phenylenediamine,*Nc1cccc(N*)c1,Trimesoyl chloride,*C(=O)c1cc(C(=O)*)cc(C(=O)*)c1,,MEDIUM,Chemistry-based default
992,EPBS-1.0%,*Nc1cccc(NC(=O)c2cc(C(=O)O)cc(C(=O)N*)c2)c1,"[""Polyamide"",""Other""]",10.1021/acs.iecr.1c00025,2021,0.776349186,m-Phenylenediamine,*Nc1cccc(N*)c1,Trimesoyl chloride,*C(=O)c1cc(C(=O)*)cc(C(=O)*)c1,,MEDIUM,Chemistry-based default
993,EPBS-1.5%,*Nc1cccc(NC(=O)c2cc(C(=O)O)cc(C(=O)N*)c2)c1,"[""Polyamide"",""Other""]",10.1021/acs.iecr.1c00025,2021,0.703366014,m-Phenylenediamine,*Nc1cccc(N*)c1,Trimesoyl chloride,*C(=O)c1cc(C(=O)*)cc(C(=O)*)c1,,MEDIUM,Chemistry-based default
994,EPBS-2.0%,*Nc1cccc(NC(=O)c2cc(C(=O)O)cc(C(=O)N*)c2)c1,"[""Polyamide"",""Other""]",10.1021/acs.iecr.1c00025,2021,0.830440931,m-Phenylenediamine,*Nc1cccc(N*)c1,Trimesoyl chloride,*C(=O)c1cc(C(=O)*)cc(C(=O)*)c1,,MEDIUM,Chemistry-based default
995,MPBS-1.0%,*Nc1cccc(NC(=O)c2cc(C(=O)O)cc(C(=O)N*)c2)c1,"[""Polyamide"",""Other""]",10.1021/acs.iecr.1c00025,2021,0.726192577,m-Phenylenediamine,*Nc1cccc(N*)c1,Trimesoyl chloride,*C(=O)c1cc(C(=O)*)cc(C(=O)*)c1,,MEDIUM,Chemistry-based default
996,MPBS-1.5%,*Nc1cccc(NC(=O)c2cc(C(=O)O)cc(C(=O)N*)c2)c1,"[""Polyamide"",""Other""]",10.1021/acs.iecr.1c00025,2021,0.792139388,m-Phenylenediamine,*Nc1cccc(N*)c1,Trimesoyl chloride,*C(=O)c1cc(C(=O)*)cc(C(=O)*)c1,,MEDIUM,Chemistry-based default
997,MPBS-2.0%,*Nc1cccc(NC(=O)c2cc(C(=O)O)cc(C(=O)N*)c2)c1,"[""Polyamide"",""Other""]",10.1021/acs.iecr.1c00025,2021,0.764616601,m-Phenylenediamine,*Nc1cccc(N*)c1,Trimesoyl chloride,*C(=O)c1cc(C(=O)*)cc(C(=O)*)c1,,MEDIUM,Chemistry-based default
998,MPPS-1.0%,*Nc1cccc(NC(=O)c2cc(C(=O)O)cc(C(=O)N*)c2)c1,"[""Polyamide"",""Other""]",10.1021/acs.iecr.1c00025,2021,0.726192577,m-Phenylenediamine,*Nc1cccc(N*)c1,Trimesoyl chloride,*C(=O)c1cc(C(=O)*)cc(C(=O)*)c1,,MEDIUM,Chemistry-based default
999,MPPS-1.5%,*Nc1cccc(NC(=O)c2cc(C(=O)O)cc(C(=O)N*)c2)c1,"[""Polyamide"",""Other""]",10.1021/acs.iecr.1c00025,2021,0.63784016,m-Phenylenediamine,*Nc1cccc(N*)c1,Trimesoyl chloride,*C(=O)c1cc(C(=O)*)cc(C(=O)*)c1,,MEDIUM,Chemistry-based default
1000,MPPS-2.0%,*Nc1cccc(NC(=O)c2cc(C(=O)O)cc(C(=O)N*)c2)c1,"[""Polyamide"",""Other""]",10.1021/acs.iecr.1c00025,2021,0.621892381,m-Phenylenediamine,*Nc1cccc(N*)c1,Trimesoyl chloride,*C(=O)c1cc(C(=O)*)cc(C(=O)*)c1,,MEDIUM,Chemistry-based default
1003,Fiber W,*Nc1cccc(NC(=O)c2cc(C(=O)O)cc(C(=O)N*)c2)c1,"[""Polyamide"",""Other""]",10.1021/acs.iecr.0c05191,2020,2.059173384,m-Phenylenediamine,*Nc1cccc(N*)c1,Trimesoyl chloride,*C(=O)c1cc(C(=O)*)cc(C(=O)*)c1,,HIGH,I&EC Research - PA membrane
1004,Fiber A,*Nc1cccc(NC(=O)c2cc(C(=O)O)cc(C(=O)N*)c2)c1,"[""Polyamide"",""Other""]",10.1021/acs.iecr.0c05191,2020,2.128340898,m-Phenylenediamine,*Nc1cccc(N*)c1,Trimesoyl chloride,*C(=O)c1cc(C(=O)*)cc(C(=O)*)c1,,HIGH,I&EC Research - PA membrane
1005,Fiber B,*Nc1cccc(NC(=O)c2cc(C(=O)O)cc(C(=O)N*)c2)c1,"[""Polyamide"",""Other""]",10.1021/acs.iecr.0c05191,2020,2.310498653,m-Phenylenediamine,*Nc1cccc(N*)c1,Trimesoyl chloride,*C(=O)c1cc(C(=O)*)cc(C(=O)*)c1,,HIGH,I&EC Research - PA membrane
1006,Fiber C/ control (0%) POSS,*Nc1cccc(NC(=O)c2cc(C(=O)O)cc(C(=O)N*)c2)c1,"[""Polyamide"",""Other""]",10.1021/acs.iecr.0c05191,2020,2.423743917,m-Phenylenediamine,*Nc1cccc(N*)c1,Trimesoyl chloride,*C(=O)c1cc(C(=O)*)cc(C(=O)*)c1,,HIGH,I&EC Research - PA membrane
1007,0.1% POSS,*Nc1cccc(NC(=O)c2cc(C(=O)O)cc(C(=O)N*)c2)c1,"[""Polyamide"",""Other""]",10.1021/acs.iecr.0c05191,2020,2.912322166,m-Phenylenediamine,*Nc1cccc(N*)c1,Trimesoyl chloride,*C(=O)c1cc(C(=O)*)cc(C(=O)*)c1,,HIGH,I&EC Research - PA membrane
1008,0.1% POSS pH control,*Nc1cccc(NC(=O)c2cc(C(=O)O)cc(C(=O)N*)c2)c1,"[""Polyamide"",""Other""]",10.1021/acs.iecr.0c05191,2020,3.54471518,m-Phenylenediamine,*Nc1cccc(N*)c1,Trimesoyl chloride,*C(=O)c1cc(C(=O)*)cc(C(=O)*)c1,,HIGH,I&EC Research - PA membrane
1009,0.2% POSS,*Nc1cccc(NC(=O)c2cc(C(=O)O)cc(C(=O)N*)c2)c1,"[""Polyamide"",""Other""]",10.1021/acs.iecr.0c05191,2020,2.741103199,m-Phenylenediamine,*Nc1cccc(N*)c1,Trimesoyl chloride,*C(=O)c1cc(C(=O)*)cc(C(=O)*)c1,,HIGH,I&EC Research - PA membrane
1010,0.2% POSS pH control,*Nc1cccc(NC(=O)c2cc(C(=O)O)cc(C(=O)N*)c2)c1,"[""Polyamide"",""Other""]",10.1021/acs.iecr.0c05191,2020,3.325292159,m-Phenylenediamine,*Nc1cccc(N*)c1,Trimesoyl chloride,*C(=O)c1cc(C(=O)*)cc(C(=O)*)c1,,HIGH,I&EC Research - PA membrane
1011,0.5% POSS,*Nc1cccc(NC(=O)c2cc(C(=O)O)cc(C(=O)N*)c2)c1,"[""Polyamide"",""Other""]",10.1021/acs.iecr.0c05191,2020,1.984732851,m-Phenylenediamine,*Nc1cccc(N*)c1,Trimesoyl chloride,*C(=O)c1cc(C(=O)*)cc(C(=O)*)c1,,HIGH,I&EC Research - PA membrane
1012,0.5% POSS pH control,*Nc1cccc(NC(=O)c2cc(C(=O)O)cc(C(=O)N*)c2)c1,"[""Polyamide"",""Other""]",10.1021/acs.iecr.0c05191,2020,2.525351417,m-Phenylenediamine,*Nc1cccc(N*)c1,Trimesoyl chloride,*C(=O)c1cc(C(=O)*)cc(C(=O)*)c1,,HIGH,I&EC Research - PA membrane
1013,control (0%) POSS_oxidative tratement,*Nc1cccc(NC(=O)c2cc(C(=O)O)cc(C(=O)N*)c2)c1,"[""Polyamide"",""Other""]",10.1021/acs.iecr.0c05191,2020,7.100535394,m-Phenylenediamine,*Nc1cccc(N*)c1,Trimesoyl chloride,*C(=O)c1cc(C(=O)*)cc(C(=O)*)c1,,HIGH,I&EC Research - PA membrane
1014,0.1% POSS_oxidative tratement,*Nc1cccc(NC(=O)c2cc(C(=O)O)cc(C(=O)N*)c2)c1,"[""Polyamide"",""Other""]",10.1021/acs.iecr.0c05191,2020,7.94381405,m-Phenylenediamine,*Nc1cccc(N*)c1,Trimesoyl chloride,*C(=O)c1cc(C(=O)*)cc(C(=O)*)c1,,HIGH,I&EC Research - PA membrane
1015,0.1% POSS pH control_oxidative tratement,*Nc1cccc(NC(=O)c2cc(C(=O)O)cc(C(=O)N*)c2)c1,"[""Polyamide"",""Other""]",10.1021/acs.iecr.0c05191,2020,8.878300669,m-Phenylenediamine,*Nc1cccc(N*)c1,Trimesoyl chloride,*C(=O)c1cc(C(=O)*)cc(C(=O)*)c1,,HIGH,I&EC Research - PA membrane
1016,M0,*Nc1cccc(NC(=O)c2cc(C(=O)O)cc(C(=O)N*)c2)c1,"[""Polyamide""]",10.1016/j.memsci.2021.119625,2021,2.77,m-Phenylenediamine,*Nc1cccc(N*)c1,Trimesoyl chloride,*C(=O)c1cc(C(=O)*)cc(C(=O)*)c1,,MEDIUM,Chemistry-based default
1017,M1,*Nc1cccc(NC(=O)c2cc(C(=O)O)cc(C(=O)N*)c2)c1,"[""Polyamide""]",10.1016/j.memsci.2021.119625,2021,4.84,m-Phenylenediamine,*Nc1cccc(N*)c1,Trimesoyl chloride,*C(=O)c1cc(C(=O)*)cc(C(=O)*)c1,,MEDIUM,Chemistry-based default
1018,M2,*Nc1cccc(NC(=O)c2cc(C(=O)O)cc(C(=O)N*)c2)c1,"[""Polyamide""]",10.1016/j.memsci.2021.119625,2021,4.08,m-Phenylenediamine,*Nc1cccc(N*)c1,Trimesoyl chloride,*C(=O)c1cc(C(=O)*)cc(C(=O)*)c1,,MEDIUM,Chemistry-based default
1019,M3,*Nc1cccc(NC(=O)c2cc(C(=O)O)cc(C(=O)N*)c2)c1,"[""Polyamide""]",10.1016/j.memsci.2021.119625,2021,4.53,m-Phenylenediamine,*Nc1cccc(N*)c1,Trimesoyl chloride,*C(=O)c1cc(C(=O)*)cc(C(=O)*)c1,,MEDIUM,Chemistry-based default
1020,M4,*Nc1cccc(NC(=O)c2cc(C(=O)O)cc(C(=O)N*)c2)c1,"[""Polyamide""]",10.1016/j.memsci.2021.119625,2021,4.6,m-Phenylenediamine,*Nc1cccc(N*)c1,Trimesoyl chloride,*C(=O)c1cc(C(=O)*)cc(C(=O)*)c1,,MEDIUM,Chemistry-based default
1021,M5,*Nc1cccc(NC(=O)c2cc(C(=O)O)cc(C(=O)N*)c2)c1,"[""Polyamide""]",10.1016/j.memsci.2021.119625,2021,3.99,m-Phenylenediamine,*Nc1cccc(N*)c1,Trimesoyl chloride,*C(=O)c1cc(C(=O)*)cc(C(=O)*)c1,,MEDIUM,Chemistry-based default
1022,Ag-TFN-T-0,*Nc1cccc(NC(=O)c2cc(C(=O)O)cc(C(=O)N*)c2)c1,"[""Polyamide""]",10.1016/j.memsci.2020.118542,2020,2.13,m-Phenylenediamine,*Nc1cccc(N*)c1,Trimesoyl chloride,*C(=O)c1cc(C(=O)*)cc(C(=O)*)c1,,HIGH,TFC membrane research
1023,Ag-TFN-T-5,*Nc1cccc(NC(=O)c2cc(C(=O)O)cc(C(=O)N*)c2)c1,"[""Polyamide""]",10.1016/j.memsci.2020.118542,2020,2.24,m-Phenylenediamine,*Nc1cccc(N*)c1,Trimesoyl chloride,*C(=O)c1cc(C(=O)*)cc(C(=O)*)c1,,HIGH,TFC membrane research
1024,Ag-TFN-T-10,*Nc1cccc(NC(=O)c2cc(C(=O)O)cc(C(=O)N*)c2)c1,"[""Polyamide""]",10.1016/j.memsci.2020.118542,2020,2.51,m-Phenylenediamine,*Nc1cccc(N*)c1,Trimesoyl chloride,*C(=O)c1cc(C(=O)*)cc(C(=O)*)c1,,HIGH,TFC membrane research
1025,Ag-TFN-T-15,*Nc1cccc(NC(=O)c2cc(C(=O)O)cc(C(=O)N*)c2)c1,"[""Polyamide""]",10.1016/j.memsci.2020.118542,2020,2.6,m-Phenylenediamine,*Nc1cccc(N*)c1,Trimesoyl chloride,*C(=O)c1cc(C(=O)*)cc(C(=O)*)c1,,HIGH,TFC membrane research
1026,Ag-TFN-T-20,*Nc1cccc(NC(=O)c2cc(C(=O)O)cc(C(=O)N*)c2)c1,"[""Polyamide""]",10.1016/j.memsci.2020.118542,2020,2.76,m-Phenylenediamine,*Nc1cccc(N*)c1,Trimesoyl chloride,*C(=O)c1cc(C(=O)*)cc(C(=O)*)c1,,HIGH,TFC membrane research
1027,Ag-TFN-AgNO3-0,*Nc1cccc(NC(=O)c2cc(C(=O)O)cc(C(=O)N*)c2)c1,"[""Polyamide""]",10.1016/j.memsci.2020.118542,2020,1.59,m-Phenylenediamine,*Nc1cccc(N*)c1,Trimesoyl chloride,*C(=O)c1cc(C(=O)*)cc(C(=O)*)c1,,HIGH,TFC membrane research
1028,Ag-TFN-AgNO3-1,*Nc1cccc(NC(=O)c2cc(C(=O)O)cc(C(=O)N*)c2)c1,"[""Polyamide""]",10.1016/j.memsci.2020.118542,2020,1.45,m-Phenylenediamine,*Nc1cccc(N*)c1,Trimesoyl chloride,*C(=O)c1cc(C(=O)*)cc(C(=O)*)c1,,HIGH,TFC membrane research
1029,Ag-TFN-AgNO3-5,*Nc1cccc(NC(=O)c2cc(C(=O)O)cc(C(=O)N*)c2)c1,"[""Polyamide""]",10.1016/j.memsci.2020.118542,2020,1.69,m-Phenylenediamine,*Nc1cccc(N*)c1,Trimesoyl chloride,*C(=O)c1cc(C(=O)*)cc(C(=O)*)c1,,HIGH,TFC membrane research
1030,Ag-TFN-AgNO3-10,*Nc1cccc(NC(=O)c2cc(C(=O)O)cc(C(=O)N*)c2)c1,"[""Polyamide""]",10.1016/j.memsci.2020.118542,2020,2.13,m-Phenylenediamine,*Nc1cccc(N*)c1,Trimesoyl chloride,*C(=O)c1cc(C(=O)*)cc(C(=O)*)c1,,HIGH,TFC membrane research
1031,Ag-TFN-AgNO3-15,*Nc1cccc(NC(=O)c2cc(C(=O)O)cc(C(=O)N*)c2)c1,"[""Polyamide""]",10.1016/j.memsci.2020.118542,2020,2.2,m-Phenylenediamine,*Nc1cccc(N*)c1,Trimesoyl chloride,*C(=O)c1cc(C(=O)*)cc(C(=O)*)c1,,HIGH,TFC membrane research
1032,Ag-TFN-AgNO3-20,*Nc1cccc(NC(=O)c2cc(C(=O)O)cc(C(=O)N*)c2)c1,"[""Polyamide""]",10.1016/j.memsci.2020.118542,2020,2.41,m-Phenylenediamine,*Nc1cccc(N*)c1,Trimesoyl chloride,*C(=O)c1cc(C(=O)*)cc(C(=O)*)c1,,HIGH,TFC membrane research
1033,TFC-SDS-0,*Nc1cccc(NC(=O)c2cc(C(=O)O)cc(C(=O)N*)c2)c1,"[""Polyamide""]",10.1016/j.memsci.2020.118542,2020,1.39,m-Phenylenediamine,*Nc1cccc(N*)c1,Trimesoyl chloride,*C(=O)c1cc(C(=O)*)cc(C(=O)*)c1,,HIGH,TFC membrane research
1034,TFC-SDS-0.025,*Nc1cccc(NC(=O)c2cc(C(=O)O)cc(C(=O)N*)c2)c1,"[""Polyamide""]",10.1016/j.memsci.2020.118542,2020,1.37,m-Phenylenediamine,*Nc1cccc(N*)c1,Trimesoyl chloride,*C(=O)c1cc(C(=O)*)cc(C(=O)*)c1,,HIGH,TFC membrane research
1035,TFC-SDS-0.05,*Nc1cccc(NC(=O)c2cc(C(=O)O)cc(C(=O)N*)c2)c1,"[""Polyamide""]",10.1016/j.memsci.2020.118542,2020,1.59,m-Phenylenediamine,*Nc1cccc(N*)c1,Trimesoyl chloride,*C(=O)c1cc(C(=O)*)cc(C(=O)*)c1,,HIGH,TFC membrane research
1036,TFC-SDS-0.1,*Nc1cccc(NC(=O)c2cc(C(=O)O)cc(C(=O)N*)c2)c1,"[""Polyamide""]",10.1016/j.memsci.2020.118542,2020,1.88,m-Phenylenediamine,*Nc1cccc(N*)c1,Trimesoyl chloride,*C(=O)c1cc(C(=O)*)cc(C(=O)*)c1,,HIGH,TFC membrane research
1037,TFC-SDS-0.15,*Nc1cccc(NC(=O)c2cc(C(=O)O)cc(C(=O)N*)c2)c1,"[""Polyamide""]",10.1016/j.memsci.2020.118542,2020,1.63,m-Phenylenediamine,*Nc1cccc(N*)c1,Trimesoyl chloride,*C(=O)c1cc(C(=O)*)cc(C(=O)*)c1,,HIGH,TFC membrane research
1038,TFC-SDS-0.2,*Nc1cccc(NC(=O)c2cc(C(=O)O)cc(C(=O)N*)c2)c1,"[""Polyamide""]",10.1016/j.memsci.2020.118542,2020,1.42,m-Phenylenediamine,*Nc1cccc(N*)c1,Trimesoyl chloride,*C(=O)c1cc(C(=O)*)cc(C(=O)*)c1,,HIGH,TFC membrane research
1039,Ag-TFN-SDS-0,*Nc1cccc(NC(=O)c2cc(C(=O)O)cc(C(=O)N*)c2)c1,"[""Polyamide""]",10.1016/j.memsci.2020.118542,2020,1.93,m-Phenylenediamine,*Nc1cccc(N*)c1,Trimesoyl chloride,*C(=O)c1cc(C(=O)*)cc(C(=O)*)c1,,HIGH,TFC membrane research
1040,Ag-TFN-SDS-0.025,*Nc1cccc(NC(=O)c2cc(C(=O)O)cc(C(=O)N*)c2)c1,"[""Polyamide""]",10.1016/j.memsci.2020.118542,2020,2.15,m-Phenylenediamine,*Nc1cccc(N*)c1,Trimesoyl chloride,*C(=O)c1cc(C(=O)*)cc(C(=O)*)c1,,HIGH,TFC membrane research
1041,Ag-TFN-SDS-0.05,*Nc1cccc(NC(=O)c2cc(C(=O)O)cc(C(=O)N*)c2)c1,"[""Polyamide""]",10.1016/j.memsci.2020.118542,2020,2.13,m-Phenylenediamine,*Nc1cccc(N*)c1,Trimesoyl chloride,*C(=O)c1cc(C(=O)*)cc(C(=O)*)c1,,HIGH,TFC membrane research
1042,Ag-TFN-SDS-0.1,*Nc1cccc(NC(=O)c2cc(C(=O)O)cc(C(=O)N*)c2)c1,"[""Polyamide""]",10.1016/j.memsci.2020.118542,2020,2.02,m-Phenylenediamine,*Nc1cccc(N*)c1,Trimesoyl chloride,*C(=O)c1cc(C(=O)*)cc(C(=O)*)c1,,HIGH,TFC membrane research
1043,Ag-TFN-SDS-0.15,*Nc1cccc(NC(=O)c2cc(C(=O)O)cc(C(=O)N*)c2)c1,"[""Polyamide""]",10.1016/j.memsci.2020.118542,2020,1.94,m-Phenylenediamine,*Nc1cccc(N*)c1,Trimesoyl chloride,*C(=O)c1cc(C(=O)*)cc(C(=O)*)c1,,HIGH,TFC membrane research
1044,Ag-TFN-SDS-0.2,*Nc1cccc(NC(=O)c2cc(C(=O)O)cc(C(=O)N*)c2)c1,"[""Polyamide""]",10.1016/j.memsci.2020.118542,2020,1.75,m-Phenylenediamine,*Nc1cccc(N*)c1,Trimesoyl chloride,*C(=O)c1cc(C(=O)*)cc(C(=O)*)c1,,HIGH,TFC membrane research
1045,Pristine TFC,*Nc1cccc(NC(=O)c2cc(C(=O)O)cc(C(=O)N*)c2)c1,"[""Polyamide""]",10.1021/acsapm.2c00094,2022,1.258562139,m-Phenylenediamine,*Nc1cccc(N*)c1,Trimesoyl chloride,*C(=O)c1cc(C(=O)*)cc(C(=O)*)c1,,MEDIUM,Chemistry-based default
1046,TFC/GO-0.25,*Nc1cccc(NC(=O)c2cc(C(=O)O)cc(C(=O)N*)c2)c1,"[""Polyamide""]",10.1021/acsapm.2c00094,2022,1.567732186,m-Phenylenediamine,*Nc1cccc(N*)c1,Trimesoyl chloride,*C(=O)c1cc(C(=O)*)cc(C(=O)*)c1,,MEDIUM,Chemistry-based default
1047,TFC/GO-0.50,*Nc1cccc(NC(=O)c2cc(C(=O)O)cc(C(=O)N*)c2)c1,"[""Polyamide""]",10.1021/acsapm.2c00094,2022,1.909271017,m-Phenylenediamine,*Nc1cccc(N*)c1,Trimesoyl chloride,*C(=O)c1cc(C(=O)*)cc(C(=O)*)c1,,MEDIUM,Chemistry-based default
1048,TFC/GO-0.75,*Nc1cccc(NC(=O)c2cc(C(=O)O)cc(C(=O)N*)c2)c1,"[""Polyamide""]",10.1021/acsapm.2c00094,2022,1.706394106,m-Phenylenediamine,*Nc1cccc(N*)c1,Trimesoyl chloride,*C(=O)c1cc(C(=O)*)cc(C(=O)*)c1,,MEDIUM,Chemistry-based default
1049,TFC/GO-1.00,*Nc1cccc(NC(=O)c2cc(C(=O)O)cc(C(=O)N*)c2)c1,"[""Polyamide""]",10.1021/acsapm.2c00094,2022,1.550888353,m-Phenylenediamine,*Nc1cccc(N*)c1,Trimesoyl chloride,*C(=O)c1cc(C(=O)*)cc(C(=O)*)c1,,MEDIUM,Chemistry-based default
1050,ZIF-67_M0,*Nc1cccc(NC(=O)c2cc(C(=O)O)cc(C(=O)N*)c2)c1,"[""Polyamide"",""Other""]",10.1021/acsami.1c07673hbfx,2021,1.92,m-Phenylenediamine,*Nc1cccc(N*)c1,Trimesoyl chloride,*C(=O)c1cc(C(=O)*)cc(C(=O)*)c1,,MEDIUM,Chemistry-based default
1051,ZIF-67_M2,*Nc1cccc(NC(=O)c2cc(C(=O)O)cc(C(=O)N*)c2)c1,"[""Polyamide"",""Other""]",10.1021/acsami.1c07673hbfx,2021,2.16,m-Phenylenediamine,*Nc1cccc(N*)c1,Trimesoyl chloride,*C(=O)c1cc(C(=O)*)cc(C(=O)*)c1,,MEDIUM,Chemistry-based default
1052,ZIF-67_M5,*Nc1cccc(NC(=O)c2cc(C(=O)O)cc(C(=O)N*)c2)c1,"[""Polyamide"",""Other""]",10.1021/acsami.1c07673hbfx,2021,2.37,m-Phenylenediamine,*Nc1cccc(N*)c1,Trimesoyl chloride,*C(=O)c1cc(C(=O)*)cc(C(=O)*)c1,,MEDIUM,Chemistry-based default
1053,ZIF-67_M10,*Nc1cccc(NC(=O)c2cc(C(=O)O)cc(C(=O)N*)c2)c1,"[""Polyamide"",""Other""]",10.1021/acsami.1c07673hbfx,2021,2.94,m-Phenylenediamine,*Nc1cccc(N*)c1,Trimesoyl chloride,*C(=O)c1cc(C(=O)*)cc(C(=O)*)c1,,MEDIUM,Chemistry-based default
1054,ZIF-67_M15,*Nc1cccc(NC(=O)c2cc(C(=O)O)cc(C(=O)N*)c2)c1,"[""Polyamide"",""Other""]",10.1021/acsami.1c07673hbfx,2021,2.74,m-Phenylenediamine,*Nc1cccc(N*)c1,Trimesoyl chloride,*C(=O)c1cc(C(=O)*)cc(C(=O)*)c1,,MEDIUM,Chemistry-based default
1055,PSf-RO-0DMC,*Nc1cccc(NC(=O)c2cc(C(=O)O)cc(C(=O)N*)c2)c1,"[""Polyamide""]",10.1016/j.memsci.2019.117474,2019,3.07,m-Phenylenediamine,*Nc1cccc(N*)c1,Trimesoyl chloride,*C(=O)c1cc(C(=O)*)cc(C(=O)*)c1,,MEDIUM,Chemistry-based default
1056,PSf-RO-1DMC,*Nc1cccc(NC(=O)c2cc(C(=O)O)cc(C(=O)N*)c2)c1,"[""Polyamide""]",10.1016/j.memsci.2019.117474,2019,4.56,m-Phenylenediamine,*Nc1cccc(N*)c1,Trimesoyl chloride,*C(=O)c1cc(C(=O)*)cc(C(=O)*)c1,,MEDIUM,Chemistry-based default
1057,PSf-RO-1.5DMC,*Nc1cccc(NC(=O)c2cc(C(=O)O)cc(C(=O)N*)c2)c1,"[""Polyamide""]",10.1016/j.memsci.2019.117474,2019,5.39,m-Phenylenediamine,*Nc1cccc(N*)c1,Trimesoyl chloride,*C(=O)c1cc(C(=O)*)cc(C(=O)*)c1,,MEDIUM,Chemistry-based default
1058,PSf-RO-2.5DMC,*Nc1cccc(NC(=O)c2cc(C(=O)O)cc(C(=O)N*)c2)c1,"[""Polyamide""]",10.1016/j.memsci.2019.117474,2019,3.74,m-Phenylenediamine,*Nc1cccc(N*)c1,Trimesoyl chloride,*C(=O)c1cc(C(=O)*)cc(C(=O)*)c1,,MEDIUM,Chemistry-based default
1059,PSf/TA-RO-0DMC,*Nc1cccc(NC(=O)c2cc(C(=O)O)cc(C(=O)N*)c2)c1,"[""Polyamide""]",10.1016/j.memsci.2019.117474,2019,2.73,m-Phenylenediamine,*Nc1cccc(N*)c1,Trimesoyl chloride,*C(=O)c1cc(C(=O)*)cc(C(=O)*)c1,,MEDIUM,Chemistry-based default
1060,PSf/TA-RO-1DMC,*Nc1cccc(NC(=O)c2cc(C(=O)O)cc(C(=O)N*)c2)c1,"[""Polyamide""]",10.1016/j.memsci.2019.117474,2019,4.39,m-Phenylenediamine,*Nc1cccc(N*)c1,Trimesoyl chloride,*C(=O)c1cc(C(=O)*)cc(C(=O)*)c1,,MEDIUM,Chemistry-based default
1061,PSf/TA-RO-1.5DMC,*Nc1cccc(NC(=O)c2cc(C(=O)O)cc(C(=O)N*)c2)c1,"[""Polyamide""]",10.1016/j.memsci.2019.117474,2019,5.06,m-Phenylenediamine,*Nc1cccc(N*)c1,Trimesoyl chloride,*C(=O)c1cc(C(=O)*)cc(C(=O)*)c1,,MEDIUM,Chemistry-based default
1062,PSf/TA-RO-2.5DMC,*Nc1cccc(NC(=O)c2cc(C(=O)O)cc(C(=O)N*)c2)c1,"[""Polyamide""]",10.1016/j.memsci.2019.117474,2019,3.69,m-Phenylenediamine,*Nc1cccc(N*)c1,Trimesoyl chloride,*C(=O)c1cc(C(=O)*)cc(C(=O)*)c1,,MEDIUM,Chemistry-based default
1063,PSf-RO-1.5DMC-Cl-1h,*Nc1cccc(NC(=O)c2cc(C(=O)O)cc(C(=O)N*)c2)c1,"[""Polyamide""]",10.1016/j.memsci.2019.117474,2019,6.42,m-Phenylenediamine,*Nc1cccc(N*)c1,Trimesoyl chloride,*C(=O)c1cc(C(=O)*)cc(C(=O)*)c1,,MEDIUM,Chemistry-based default
1064,PSf/TA-RO-1.5DMC-Cl-1h,*Nc1cccc(NC(=O)c2cc(C(=O)O)cc(C(=O)N*)c2)c1,"[""Polyamide""]",10.1016/j.memsci.2019.117474,2019,6.36,m-Phenylenediamine,*Nc1cccc(N*)c1,Trimesoyl chloride,*C(=O)c1cc(C(=O)*)cc(C(=O)*)c1,,MEDIUM,Chemistry-based default
1065,PSf-RO-1.5DMC-Cl-2h,*Nc1cccc(NC(=O)c2cc(C(=O)O)cc(C(=O)N*)c2)c1,"[""Polyamide""]",10.1016/j.memsci.2019.117474,2019,7.58,m-Phenylenediamine,*Nc1cccc(N*)c1,Trimesoyl chloride,*C(=O)c1cc(C(=O)*)cc(C(=O)*)c1,,MEDIUM,Chemistry-based default
1066,PSf/TA-RO-1.5DMC-Cl-2h,*Nc1cccc(NC(=O)c2cc(C(=O)O)cc(C(=O)N*)c2)c1,"[""Polyamide""]",10.1016/j.memsci.2019.117474,2019,7.67,m-Phenylenediamine,*Nc1cccc(N*)c1,Trimesoyl chloride,*C(=O)c1cc(C(=O)*)cc(C(=O)*)c1,,MEDIUM,Chemistry-based default
1075,TFC-Cu0D-control,*Nc1cccc(NC(=O)c2cc(C(=O)O)cc(C(=O)N*)c2)c1,"[""Polyamide""]",10.1016/j.memsci.2020.118681,2020,1.09,m-Phenylenediamine,*Nc1cccc(N*)c1,Trimesoyl chloride,*C(=O)c1cc(C(=O)*)cc(C(=O)*)c1,,HIGH,TFC development
1076,TFC-Cu0D-1,*Nc1cccc(NC(=O)c2cc(C(=O)O)cc(C(=O)N*)c2)c1,"[""Polyamide""]",10.1016/j.memsci.2020.118681,2020,0.72,m-Phenylenediamine,*Nc1cccc(N*)c1,Trimesoyl chloride,*C(=O)c1cc(C(=O)*)cc(C(=O)*)c1,,HIGH,TFC development
1077,TFC-Cu0D-5,*Nc1cccc(NC(=O)c2cc(C(=O)O)cc(C(=O)N*)c2)c1,"[""Polyamide""]",10.1016/j.memsci.2020.118681,2020,0.6,m-Phenylenediamine,*Nc1cccc(N*)c1,Trimesoyl chloride,*C(=O)c1cc(C(=O)*)cc(C(=O)*)c1,,HIGH,TFC development
1078,TFC-Cu0D-10,*Nc1cccc(NC(=O)c2cc(C(=O)O)cc(C(=O)N*)c2)c1,"[""Polyamide""]",10.1016/j.memsci.2020.118681,2020,0.45,m-Phenylenediamine,*Nc1cccc(N*)c1,Trimesoyl chloride,*C(=O)c1cc(C(=O)*)cc(C(=O)*)c1,,HIGH,TFC development
1079,TFC-Cu0D-20,*Nc1cccc(NC(=O)c2cc(C(=O)O)cc(C(=O)N*)c2)c1,"[""Polyamide""]",10.1016/j.memsci.2020.118681,2020,0.41,m-Phenylenediamine,*Nc1cccc(N*)c1,Trimesoyl chloride,*C(=O)c1cc(C(=O)*)cc(C(=O)*)c1,,HIGH,TFC development
1080,TFC-0D-control,*Nc1cccc(NC(=O)c2cc(C(=O)O)cc(C(=O)N*)c2)c1,"[""Polyamide""]",10.1016/j.memsci.2020.118681,2020,1.09,m-Phenylenediamine,*Nc1cccc(N*)c1,Trimesoyl chloride,*C(=O)c1cc(C(=O)*)cc(C(=O)*)c1,,HIGH,TFC development
1081,TFC-0D-1,*Nc1cccc(NC(=O)c2cc(C(=O)O)cc(C(=O)N*)c2)c1,"[""Polyamide""]",10.1016/j.memsci.2020.118681,2020,1.38,m-Phenylenediamine,*Nc1cccc(N*)c1,Trimesoyl chloride,*C(=O)c1cc(C(=O)*)cc(C(=O)*)c1,,HIGH,TFC development
1082,TFC-0D-5,*Nc1cccc(NC(=O)c2cc(C(=O)O)cc(C(=O)N*)c2)c1,"[""Polyamide""]",10.1016/j.memsci.2020.118681,2020,1.76,m-Phenylenediamine,*Nc1cccc(N*)c1,Trimesoyl chloride,*C(=O)c1cc(C(=O)*)cc(C(=O)*)c1,,HIGH,TFC development
1083,TFC-0D-10,*Nc1cccc(NC(=O)c2cc(C(=O)O)cc(C(=O)N*)c2)c1,"[""Polyamide""]",10.1016/j.memsci.2020.118681,2020,1.79,m-Phenylenediamine,*Nc1cccc(N*)c1,Trimesoyl chloride,*C(=O)c1cc(C(=O)*)cc(C(=O)*)c1,,HIGH,TFC development
1084,TFC-0D-20,*Nc1cccc(NC(=O)c2cc(C(=O)O)cc(C(=O)N*)c2)c1,"[""Polyamide""]",10.1016/j.memsci.2020.118681,2020,3.06,m-Phenylenediamine,*Nc1cccc(N*)c1,Trimesoyl chloride,*C(=O)c1cc(C(=O)*)cc(C(=O)*)c1,,HIGH,TFC development
1085,TFC-Cu1D-0.5,*Nc1cccc(NC(=O)c2cc(C(=O)O)cc(C(=O)N*)c2)c1,"[""Polyamide""]",10.1016/j.memsci.2020.118681,2020,0.93,m-Phenylenediamine,*Nc1cccc(N*)c1,Trimesoyl chloride,*C(=O)c1cc(C(=O)*)cc(C(=O)*)c1,,HIGH,TFC development
1086,TFC-Cu1D-1,*Nc1cccc(NC(=O)c2cc(C(=O)O)cc(C(=O)N*)c2)c1,"[""Polyamide""]",10.1016/j.memsci.2020.118681,2020,0.92,m-Phenylenediamine,*Nc1cccc(N*)c1,Trimesoyl chloride,*C(=O)c1cc(C(=O)*)cc(C(=O)*)c1,,HIGH,TFC development
1087,TFC-Cu1D-3,*Nc1cccc(NC(=O)c2cc(C(=O)O)cc(C(=O)N*)c2)c1,"[""Polyamide""]",10.1016/j.memsci.2020.118681,2020,0.71,m-Phenylenediamine,*Nc1cccc(N*)c1,Trimesoyl chloride,*C(=O)c1cc(C(=O)*)cc(C(=O)*)c1,,HIGH,TFC development
1088,TFC-Cu1D-5,*Nc1cccc(NC(=O)c2cc(C(=O)O)cc(C(=O)N*)c2)c1,"[""Polyamide""]",10.1016/j.memsci.2020.118681,2020,0.58,m-Phenylenediamine,*Nc1cccc(N*)c1,Trimesoyl chloride,*C(=O)c1cc(C(=O)*)cc(C(=O)*)c1,,HIGH,TFC development
1089,TFC-Cu1D-10,*Nc1cccc(NC(=O)c2cc(C(=O)O)cc(C(=O)N*)c2)c1,"[""Polyamide""]",10.1016/j.memsci.2020.118681,2020,0.48,m-Phenylenediamine,*Nc1cccc(N*)c1,Trimesoyl chloride,*C(=O)c1cc(C(=O)*)cc(C(=O)*)c1,,HIGH,TFC development
1090,TFC-1D-0.5,*Nc1cccc(NC(=O)c2cc(C(=O)O)cc(C(=O)N*)c2)c1,"[""Polyamide""]",10.1016/j.memsci.2020.118681,2020,1.31,m-Phenylenediamine,*Nc1cccc(N*)c1,Trimesoyl chloride,*C(=O)c1cc(C(=O)*)cc(C(=O)*)c1,,HIGH,TFC development
1091,TFC-1D-1,*Nc1cccc(NC(=O)c2cc(C(=O)O)cc(C(=O)N*)c2)c1,"[""Polyamide""]",10.1016/j.memsci.2020.118681,2020,1.58,m-Phenylenediamine,*Nc1cccc(N*)c1,Trimesoyl chloride,*C(=O)c1cc(C(=O)*)cc(C(=O)*)c1,,HIGH,TFC development
1092,TFC-1D-3,*Nc1cccc(NC(=O)c2cc(C(=O)O)cc(C(=O)N*)c2)c1,"[""Polyamide""]",10.1016/j.memsci.2020.118681,2020,2.49,m-Phenylenediamine,*Nc1cccc(N*)c1,Trimesoyl chloride,*C(=O)c1cc(C(=O)*)cc(C(=O)*)c1,,HIGH,TFC development
1093,TFC-1D-5,*Nc1cccc(NC(=O)c2cc(C(=O)O)cc(C(=O)N*)c2)c1,"[""Polyamide""]",10.1016/j.memsci.2020.118681,2020,2.66,m-Phenylenediamine,*Nc1cccc(N*)c1,Trimesoyl chloride,*C(=O)c1cc(C(=O)*)cc(C(=O)*)c1,,HIGH,TFC development
1094,TFC-1D-10,*Nc1cccc(NC(=O)c2cc(C(=O)O)cc(C(=O)N*)c2)c1,"[""Polyamide""]",10.1016/j.memsci.2020.118681,2020,3.6,m-Phenylenediamine,*Nc1cccc(N*)c1,Trimesoyl chloride,*C(=O)c1cc(C(=O)*)cc(C(=O)*)c1,,HIGH,TFC development
1110,polymerization of GO functionalized RO membrane,*Nc1cccc(NC(=O)c2cc(C(=O)O)cc(C(=O)N*)c2)c1,"[""Polyamide"",""Graphene oxide""]",10.1016/j.desal.2023.116372,2023,0.06,m-Phenylenediamine,*Nc1cccc(N*)c1,Trimesoyl chloride,*C(=O)c1cc(C(=O)*)cc(C(=O)*)c1,,MEDIUM,Chemistry-based default
1112,PAAM,*CC(C#N)CC(C#N)CC(C#N)C*,"[""Polyacrylonitrile""]",10.1016/j.desal.2023.116372,2023,0.08,,,,,,HIGH,Chemistry-based default
1115,Ti3C2Tx/PA membrane,*Oc1ccc(C(C)(C)c2ccc(Oc3ccc(S(=O)(=O)c4ccc(O*)cc4)cc3)cc2)cc1,"[""Polysulfone""]",10.1016/j.desal.2023.116412,2023,4.86,,,,,,HIGH,Chemistry-based default
1117,FilmTec BW30,*Nc1cccc(NC(=O)c2cc(C(=O)O)cc(C(=O)N*)c2)c1,"[""Polyamide""]",10.1016/j.desal.2023.116383,2023,1.99,m-Phenylenediamine,*Nc1cccc(N*)c1,Trimesoyl chloride,*C(=O)c1cc(C(=O)*)cc(C(=O)*)c1,,MEDIUM,Chemistry-based default
1118,FilmTec SW30HRLE,*Nc1cccc(NC(=O)c2cc(C(=O)O)cc(C(=O)N*)c2)c1,"[""Polyamide""]",10.1016/j.desal.2023.116383,2023,1.99,m-Phenylenediamine,*Nc1cccc(N*)c1,Trimesoyl chloride,*C(=O)c1cc(C(=O)*)cc(C(=O)*)c1,,MEDIUM,Chemistry-based default
1119,KOCH TFC HR,*Nc1cccc(NC(=O)c2cc(C(=O)O)cc(C(=O)N*)c2)c1,"[""Polyamide""]",10.1016/j.desal.2023.116383,2023,1.99,m-Phenylenediamine,*Nc1cccc(N*)c1,Trimesoyl chloride,*C(=O)c1cc(C(=O)*)cc(C(=O)*)c1,,MEDIUM,Chemistry-based default
1120,Alfa Laval RO98,*Nc1cccc(NC(=O)c2cc(C(=O)O)cc(C(=O)N*)c2)c1,"[""Polyamide""]",10.1016/j.desal.2023.116383,2023,1.99,m-Phenylenediamine,*Nc1cccc(N*)c1,Trimesoyl chloride,*C(=O)c1cc(C(=O)*)cc(C(=O)*)c1,,MEDIUM,Chemistry-based default
1123,SUEZ AG400-H,*Nc1cccc(NC(=O)c2cc(C(=O)O)cc(C(=O)N*)c2)c1,"[""Polyamide""]",10.1016/j.desal.2023.116383,2023,1.99,m-Phenylenediamine,*Nc1cccc(N*)c1,Trimesoyl chloride,*C(=O)c1cc(C(=O)*)cc(C(=O)*)c1,,MEDIUM,Chemistry-based default
1124,Hydranautics CPA5,*Nc1cccc(NC(=O)c2cc(C(=O)O)cc(C(=O)N*)c2)c1,"[""Polyamide""]",10.1016/j.desal.2023.116383,2023,1.99,m-Phenylenediamine,*Nc1cccc(N*)c1,Trimesoyl chloride,*C(=O)c1cc(C(=O)*)cc(C(=O)*)c1,,MEDIUM,Chemistry-based default
1125,0.5-HEA-AA-UV,*Nc1cccc(NC(=O)c2cc(C(=O)O)cc(C(=O)N*)c2)c1,"[""Polyamide""]",10.1016/j.desal.2022.115723,2022,2.91,m-Phenylenediamine,*Nc1cccc(N*)c1,Trimesoyl chloride,*C(=O)c1cc(C(=O)*)cc(C(=O)*)c1,,MEDIUM,Chemistry-based default
1126,SW-30,*Nc1cccc(NC(=O)c2cc(C(=O)O)cc(C(=O)N*)c2)c1,"[""Polyamide""]",10.1016/j.desal.2022.115723,2022,0.98,m-Phenylenediamine,*Nc1cccc(N*)c1,Trimesoyl chloride,*C(=O)c1cc(C(=O)*)cc(C(=O)*)c1,,MEDIUM,Chemistry-based default
1127,SW-30-HR,*Nc1cccc(NC(=O)c2cc(C(=O)O)cc(C(=O)N*)c2)c1,"[""Polyamide""]",10.1016/j.desal.2022.115723,2022,0.96,m-Phenylenediamine,*Nc1cccc(N*)c1,Trimesoyl chloride,*C(=O)c1cc(C(=O)*)cc(C(=O)*)c1,,MEDIUM,Chemistry-based default
1128,TM-820,*Nc1cccc(NC(=O)c2cc(C(=O)O)cc(C(=O)N*)c2)c1,"[""Polyamide""]",10.1016/j.desal.2022.115723,2022,1.01,m-Phenylenediamine,*Nc1cccc(N*)c1,Trimesoyl chloride,*C(=O)c1cc(C(=O)*)cc(C(=O)*)c1,,MEDIUM,Chemistry-based default
1129,UTC-80,*Nc1cccc(NC(=O)c2cc(C(=O)O)cc(C(=O)N*)c2)c1,"[""Polyamide""]",10.1016/j.desal.2022.115723,2022,1.03,m-Phenylenediamine,*Nc1cccc(N*)c1,Trimesoyl chloride,*C(=O)c1cc(C(=O)*)cc(C(=O)*)c1,,MEDIUM,Chemistry-based default
1130,1.5% NBS-TFC,*Nc1cccc(NC(=O)c2cc(C(=O)O)cc(C(=O)N*)c2)c1,"[""Polyamide""]",10.1016/j.desal.2022.115723,2022,0.61,m-Phenylenediamine,*Nc1cccc(N*)c1,Trimesoyl chloride,*C(=O)c1cc(C(=O)*)cc(C(=O)*)c1,,MEDIUM,Chemistry-based default
1132,1.2% M-GA-TFC,*Nc1cccc(NC(=O)c2cc(C(=O)O)cc(C(=O)N*)c2)c1,"[""Polyamide""]",10.1016/j.desal.2022.115723,2022,0.68,m-Phenylenediamine,*Nc1cccc(N*)c1,Trimesoyl chloride,*C(=O)c1cc(C(=O)*)cc(C(=O)*)c1,,MEDIUM,Chemistry-based default
1133,APD-TFC,*Nc1cccc(NC(=O)c2cc(C(=O)O)cc(C(=O)N*)c2)c1,"[""Polyamide""]",10.1016/j.desal.2022.115723,2022,1.86,m-Phenylenediamine,*Nc1cccc(N*)c1,Trimesoyl chloride,*C(=O)c1cc(C(=O)*)cc(C(=O)*)c1,,MEDIUM,Chemistry-based default
1134,KRO-1-TFC,*Nc1cccc(NC(=O)c2cc(C(=O)O)cc(C(=O)N*)c2)c1,"[""Polyamide""]",10.1016/j.desal.2022.115723,2022,0.82,m-Phenylenediamine,*Nc1cccc(N*)c1,Trimesoyl chloride,*C(=O)c1cc(C(=O)*)cc(C(=O)*)c1,,MEDIUM,Chemistry-based default
1135,Seawater 1,*Nc1cccc(NC(=O)c2cc(C(=O)O)cc(C(=O)N*)c2)c1,"[""Polyamide""]",10.1038/s41545-023-00270-w,2023,0.844,m-Phenylenediamine,*Nc1cccc(N*)c1,Trimesoyl chloride,*C(=O)c1cc(C(=O)*)cc(C(=O)*)c1,,HIGH,Tiraferri - standardizing membrane characterization
1136,Seawater 2,*Nc1cccc(NC(=O)c2cc(C(=O)O)cc(C(=O)N*)c2)c1,"[""Polyamide""]",10.1038/s41545-023-00270-w,2023,1.245,m-Phenylenediamine,*Nc1cccc(N*)c1,Trimesoyl chloride,*C(=O)c1cc(C(=O)*)cc(C(=O)*)c1,,HIGH,Tiraferri - standardizing membrane characterization
1137,Seawater 3,*Nc1cccc(NC(=O)c2cc(C(=O)O)cc(C(=O)N*)c2)c1,"[""Polyamide""]",10.1038/s41545-023-00270-w,2023,3.309,m-Phenylenediamine,*Nc1cccc(N*)c1,Trimesoyl chloride,*C(=O)c1cc(C(=O)*)cc(C(=O)*)c1,,HIGH,Tiraferri - standardizing membrane characterization
1138,Brackish Water 1,*Nc1cccc(NC(=O)c2cc(C(=O)O)cc(C(=O)N*)c2)c1,"[""Polyamide""]",10.1038/s41545-023-00270-w,2023,5.16,m-Phenylenediamine,*Nc1cccc(N*)c1,Trimesoyl chloride,*C(=O)c1cc(C(=O)*)cc(C(=O)*)c1,,HIGH,Tiraferri - standardizing membrane characterization
1139,Brackish Water 2,*Nc1cccc(NC(=O)c2cc(C(=O)O)cc(C(=O)N*)c2)c1,"[""Polyamide""]",10.1038/s41545-023-00270-w,2023,4.03,m-Phenylenediamine,*Nc1cccc(N*)c1,Trimesoyl chloride,*C(=O)c1cc(C(=O)*)cc(C(=O)*)c1,,HIGH,Tiraferri - standardizing membrane characterization
1140,Nanofiltration,*Nc1cccc(NC(=O)c2cc(C(=O)O)cc(C(=O)N*)c2)c1,"[""Polyamide""]",10.1038/s41545-023-00270-w,2023,7.33,m-Phenylenediamine,*Nc1cccc(N*)c1,Trimesoyl chloride,*C(=O)c1cc(C(=O)*)cc(C(=O)*)c1,,HIGH,Tiraferri - standardizing membrane characterization
1141,ZIF67-M10,*Nc1cccc(NC(=O)c2cc(C(=O)O)cc(C(=O)N*)c2)c1,"[""Polyamide""]",10.1021/acsami.1c07673hbfx,2021,3.2,m-Phenylenediamine,*Nc1cccc(N*)c1,Trimesoyl chloride,*C(=O)c1cc(C(=O)*)cc(C(=O)*)c1,,MEDIUM,Chemistry-based default
1144,2S-TMPD,*OCC(O)COc1ccc(C(c2ccc(OCC(O)CO*)cc2)(c2ccccc2)c2ccccc2)cc1,"[""Other""]",10.1016/j.memlet.2023.100054,2023,2.63,"Initiator: N,N,N',N'-Tetramethyl-p-phenylenediamine",*N(C)c1ccc(N(C)*)cc1,Epoxide: Tetraphenolethane tetraglycidyl ether (EPON 1031),*OCC(O)COc1ccc(C(c2ccc(OCC(O)CO*)cc2)(c2ccccc2)c2ccccc2)cc1,,MEDIUM,Verbeke 2023 - EPON epoxide with TMPD initiator
1145,2S-TMHD-toluene,*OCC(O)COc1ccc(C(c2ccc(OCC(O)CO*)cc2)(c2ccccc2)c2ccccc2)cc1,"[""Other""]",10.1016/j.memlet.2023.100054,2023,2.83,"Initiator: N,N,N',N'-Tetramethyl-1,6-hexanediamine",*N(C)CCCCCCN(C)*,Epoxide: Tetraphenolethane tetraglycidyl ether (EPON 1031),*OCC(O)COc1ccc(C(c2ccc(OCC(O)CO*)cc2)(c2ccccc2)c2ccccc2)cc1,,MEDIUM,Verbeke 2023 - EPON epoxide with TMHD initiator in toluene
1146,2S-MBDA-tol,*OCC(O)COc1ccc(C(c2ccc(OCC(O)CO*)cc2)(c2ccccc2)c2ccccc2)cc1,"[""Other""]",10.1016/j.memlet.2023.100054,2023,3.09,Initiator: m-Xylylenediamine,*Cc1cccc(C*)c1,Epoxide: Tetraphenolethane tetraglycidyl ether (EPON 1031),*OCC(O)COc1ccc(C(c2ccc(OCC(O)CO*)cc2)(c2ccccc2)c2ccccc2)cc1,,MEDIUM,Verbeke 2023 - EPON epoxide with MBDA initiator in toluene
1152,2S-RDGE,*OCC(O)COc1cccc(OCC(O)CO*)c1,"[""Other""]",10.1016/j.memlet.2023.100054,2023,3.26,"Initiator: N,N,N',N'-Tetramethyl-1,6-hexanediamine",*N(C)CCCCCCN(C)*,Epoxide: Resorcinol diglycidyl ether,*OCC(O)COc1cccc(OCC(O)CO*)c1,,MEDIUM,Verbeke 2023 - RDGE epoxide with TMHD initiator
1153,2S-GE40,*OCC(O)COc1ccccc1,"[""Other""]",10.1016/j.memlet.2023.100054,2023,2.96,"Initiator: N,N,N',N'-Tetramethyl-1,6-hexanediamine",*N(C)CCCCCCN(C)*,Epoxide: Glycidyl ether (GE-40 type),*OCC(O)COc1ccccc1,,MEDIUM,Verbeke 2023 - GE40 epoxide with TMHD initiator
1154,2S-BADGE3,*OCC(O)COc1ccc(C(C)(C)c2ccc(OCC(O)CO*)cc2)cc1,"[""Other""]",10.1016/j.memlet.2023.100054,2023,2.82,"Initiator: N,N,N',N'-Tetramethyl-1,6-hexanediamine",*N(C)CCCCCCN(C)*,Epoxide: Bisphenol A diglycidyl ether,*OCC(O)COc1ccc(C(C)(C)c2ccc(OCC(O)CO*)cc2)cc1,,MEDIUM,Verbeke 2023 - BADGE epoxide variant 3
1158,TMH20A-440C,*Nc1cccc(NC(=O)c2cc(C(=O)O)cc(C(=O)N*)c2)c1,"[""Polyamide""]",https://www.water.toray/products/ro/pdf/TMHA_v2_202301.pdf,2023,7.38,m-Phenylenediamine,*Nc1cccc(N*)c1,Trimesoyl chloride,*C(=O)c1cc(C(=O)*)cc(C(=O)*)c1,,MEDIUM,Chemistry-based default
